# Q Light Controller Plus - tileable pleated stage curtain
# One repeating section: 1.0 m wide, 4.0 m tall, centred on the origin.
# Sections abut seamlessly along X: the fold profile is a sum of cosines whose
# periods all divide the section width, so profile and slope match on both edges.
# Generated procedurally - 5 pleats per section, 0.15 m deep at the hem
# and 28% of that at the head, fabric thickness 0.022 m.
mtllib curtain_tile_1m.mtl
o Curtain
v -0.500000 2.000000 0.003464
v -0.486111 2.000000 0.002213
v -0.472222 2.000000 0.002852
v -0.458333 2.000000 0.006673
v -0.444444 2.000000 0.013527
v -0.430556 2.000000 0.021511
v -0.416667 2.000000 0.027764
v -0.402778 2.000000 0.029916
v -0.388889 2.000000 0.027287
v -0.375000 2.000000 0.021099
v -0.361111 2.000000 0.013625
v -0.347222 2.000000 0.006906
v -0.333333 2.000000 0.001881
v -0.319444 2.000000 -0.001566
v -0.305556 2.000000 -0.003823
v -0.291667 2.000000 -0.004761
v -0.277778 2.000000 -0.003587
v -0.263889 2.000000 0.000493
v -0.250000 2.000000 0.007326
v -0.236111 2.000000 0.015337
v -0.222222 2.000000 0.022022
v -0.208333 2.000000 0.025166
v -0.194444 2.000000 0.024044
v -0.180556 2.000000 0.019792
v -0.166667 2.000000 0.014676
v -0.152778 2.000000 0.010750
v -0.138889 2.000000 0.008771
v -0.125000 2.000000 0.008070
v -0.111111 2.000000 0.007406
v -0.097222 2.000000 0.006129
v -0.083333 2.000000 0.004812
v -0.069444 2.000000 0.004870
v -0.055556 2.000000 0.007459
v -0.041667 2.000000 0.012434
v -0.027778 2.000000 0.018153
v -0.013889 2.000000 0.022279
v 0.000000 2.000000 0.023075
v 0.013889 2.000000 0.020326
v 0.027778 2.000000 0.015301
v 0.041667 2.000000 0.009843
v 0.055556 2.000000 0.005270
v 0.069444 2.000000 0.001855
v 0.083333 2.000000 -0.000805
v 0.097222 2.000000 -0.002906
v 0.111111 2.000000 -0.003806
v 0.125000 2.000000 -0.002204
v 0.138889 2.000000 0.002901
v 0.152778 2.000000 0.011163
v 0.166667 2.000000 0.020539
v 0.180556 2.000000 0.028036
v 0.194444 2.000000 0.031151
v 0.208333 2.000000 0.029139
v 0.222222 2.000000 0.023317
v 0.236111 2.000000 0.016210
v 0.250000 2.000000 0.010135
v 0.263889 2.000000 0.006124
v 0.277778 2.000000 0.003825
v 0.291667 2.000000 0.002318
v 0.305556 2.000000 0.001159
v 0.319444 2.000000 0.000842
v 0.333333 2.000000 0.002365
v 0.347222 2.000000 0.006240
v 0.361111 2.000000 0.011748
v 0.375000 2.000000 0.017035
v 0.388889 2.000000 0.020068
v 0.402778 2.000000 0.019802
v 0.416667 2.000000 0.016768
v 0.430556 2.000000 0.012659
v 0.444444 2.000000 0.009214
v 0.458333 2.000000 0.007188
v 0.472222 2.000000 0.006117
v 0.486111 2.000000 0.005018
v 0.500000 2.000000 0.003464
v -0.500000 1.750000 0.001806
v -0.486111 1.750000 0.001214
v -0.472222 1.750000 0.003560
v -0.458333 1.750000 0.009608
v -0.444444 1.750000 0.018200
v -0.430556 1.750000 0.026524
v -0.416667 1.750000 0.031461
v -0.402778 1.750000 0.031193
v -0.388889 1.750000 0.026055
v -0.375000 1.750000 0.018149
v -0.361111 1.750000 0.010043
v -0.347222 1.750000 0.003462
v -0.333333 1.750000 -0.001196
v -0.319444 1.750000 -0.004341
v -0.305556 1.750000 -0.006199
v -0.291667 1.750000 -0.006222
v -0.277778 1.750000 -0.003398
v -0.263889 1.750000 0.002755
v -0.250000 1.750000 0.011294
v -0.236111 1.750000 0.019830
v -0.222222 1.750000 0.025548
v -0.208333 1.750000 0.026677
v -0.194444 1.750000 0.023454
v -0.180556 1.750000 0.017924
v -0.166667 1.750000 0.012679
v -0.152778 1.750000 0.009387
v -0.138889 1.750000 0.008051
v -0.125000 1.750000 0.007452
v -0.111111 1.750000 0.006389
v -0.097222 1.750000 0.004789
v -0.083333 1.750000 0.003867
v -0.069444 1.750000 0.005223
v -0.055556 1.750000 0.009533
v -0.041667 1.750000 0.015772
v -0.027778 1.750000 0.021569
v -0.013889 1.750000 0.024482
v 0.000000 1.750000 0.023342
v 0.013889 1.750000 0.018800
v 0.027778 1.750000 0.012739
v 0.041667 1.750000 0.007049
v 0.055556 1.750000 0.002631
v 0.069444 1.750000 -0.000682
v 0.083333 1.750000 -0.003354
v 0.097222 1.750000 -0.005183
v 0.111111 1.750000 -0.005007
v 0.125000 1.750000 -0.001382
v 0.138889 1.750000 0.006181
v 0.152778 1.750000 0.016346
v 0.166667 1.750000 0.026154
v 0.180556 1.750000 0.032336
v 0.194444 1.750000 0.032947
v 0.208333 1.750000 0.028332
v 0.222222 1.750000 0.020791
v 0.236111 1.750000 0.013212
v 0.250000 1.750000 0.007558
v 0.263889 1.750000 0.004155
v 0.277778 1.750000 0.002153
v 0.291667 1.750000 0.000667
v 0.305556 1.750000 -0.000286
v 0.319444 1.750000 0.000235
v 0.333333 1.750000 0.003214
v 0.347222 1.750000 0.008603
v 0.361111 1.750000 0.014901
v 0.375000 1.750000 0.019782
v 0.388889 1.750000 0.021387
v 0.402778 1.750000 0.019402
v 0.416667 1.750000 0.015175
v 0.430556 1.750000 0.010782
v 0.444444 1.750000 0.007718
v 0.458333 1.750000 0.006118
v 0.472222 1.750000 0.005038
v 0.486111 1.750000 0.003551
v 0.500000 1.750000 0.001806
v -0.500000 1.500000 -0.001287
v -0.486111 1.500000 -0.000523
v -0.472222 1.500000 0.004665
v -0.458333 1.500000 0.014155
v -0.444444 1.500000 0.025357
v -0.430556 1.500000 0.034274
v -0.416667 1.500000 0.037526
v -0.402778 1.500000 0.034062
v -0.388889 1.500000 0.025513
v -0.375000 1.500000 0.015044
v -0.361111 1.500000 0.005556
v -0.347222 1.500000 -0.001576
v -0.333333 1.500000 -0.006475
v -0.319444 1.500000 -0.009695
v -0.305556 1.500000 -0.011089
v -0.291667 1.500000 -0.009571
v -0.277778 1.500000 -0.004002
v -0.263889 1.500000 0.005465
v -0.250000 1.500000 0.016694
v -0.236111 1.500000 0.026191
v -0.222222 1.500000 0.030806
v -0.208333 1.500000 0.029431
v -0.194444 1.500000 0.023575
v -0.180556 1.500000 0.016390
v -0.166667 1.500000 0.010797
v -0.152778 1.500000 0.007933
v -0.138889 1.500000 0.006917
v -0.125000 1.500000 0.006009
v -0.111111 1.500000 0.004246
v -0.097222 1.500000 0.002371
v -0.083333 1.500000 0.002350
v -0.069444 1.500000 0.005843
v -0.055556 1.500000 0.012728
v -0.041667 1.500000 0.020763
v -0.027778 1.500000 0.026677
v -0.013889 1.500000 0.027977
v 0.000000 1.500000 0.024278
v 0.013889 1.500000 0.017303
v 0.027778 1.500000 0.009634
v 0.041667 1.500000 0.003164
v 0.055556 1.500000 -0.001673
v 0.069444 1.500000 -0.005428
v 0.083333 1.500000 -0.008409
v 0.097222 1.500000 -0.009759
v 0.111111 1.500000 -0.007668
v 0.125000 1.500000 -0.000690
v 0.138889 1.500000 0.010771
v 0.152778 1.500000 0.023928
v 0.166667 1.500000 0.034601
v 0.180556 1.500000 0.039218
v 0.194444 1.500000 0.036636
v 0.208333 1.500000 0.028606
v 0.222222 1.500000 0.018645
v 0.236111 1.500000 0.010041
v 0.250000 1.500000 0.004315
v 0.263889 1.500000 0.001029
v 0.277778 1.500000 -0.001104
v 0.291667 1.500000 -0.002750
v 0.305556 1.500000 -0.003259
v 0.319444 1.500000 -0.001236
v 0.333333 1.500000 0.004086
v 0.347222 1.500000 0.011763
v 0.361111 1.500000 0.019238
v 0.375000 1.500000 0.023637
v 0.388889 1.500000 0.023428
v 0.402778 1.500000 0.019277
v 0.416667 1.500000 0.013524
v 0.430556 1.500000 0.008633
v 0.444444 1.500000 0.005726
v 0.458333 1.500000 0.004201
v 0.472222 1.500000 0.002681
v 0.486111 1.500000 0.000517
v 0.500000 1.500000 -0.001287
v -0.500000 1.250000 -0.005053
v -0.486111 1.250000 -0.001753
v -0.472222 1.250000 0.007601
v -0.458333 1.250000 0.021416
v -0.444444 1.250000 0.035273
v -0.430556 1.250000 0.044012
v -0.416667 1.250000 0.044381
v -0.402778 1.250000 0.036604
v -0.388889 1.250000 0.023925
v -0.375000 1.250000 0.010568
v -0.361111 1.250000 -0.000464
v -0.347222 1.250000 -0.008339
v -0.333333 1.250000 -0.013670
v -0.319444 1.250000 -0.016913
v -0.305556 1.250000 -0.017291
v -0.291667 1.250000 -0.013163
v -0.277778 1.250000 -0.003587
v -0.263889 1.250000 0.010137
v -0.250000 1.250000 0.024276
v -0.236111 1.250000 0.034196
v -0.222222 1.250000 0.036760
v -0.208333 1.250000 0.032041
v -0.194444 1.250000 0.023172
v -0.180556 1.250000 0.014414
v -0.166667 1.250000 0.008705
v -0.152778 1.250000 0.006297
v -0.138889 1.250000 0.005306
v -0.125000 1.250000 0.003680
v -0.111111 1.250000 0.001091
v -0.097222 1.250000 -0.000632
v -0.083333 1.250000 0.001162
v -0.069444 1.250000 0.007786
v -0.055556 1.250000 0.017828
v -0.041667 1.250000 0.027543
v -0.027778 1.250000 0.032851
v -0.013889 1.250000 0.031593
v 0.000000 1.250000 0.024571
v 0.013889 1.250000 0.014757
v 0.027778 1.250000 0.005316
v 0.041667 1.250000 -0.002097
v 0.055556 1.250000 -0.007637
v 0.069444 1.250000 -0.012084
v 0.083333 1.250000 -0.015255
v 0.097222 1.250000 -0.015371
v 0.111111 1.250000 -0.010036
v 0.125000 1.250000 0.001771
v 0.138889 1.250000 0.018155
v 0.152778 1.250000 0.034461
v 0.166667 1.250000 0.045278
v 0.180556 1.250000 0.047143
v 0.194444 1.250000 0.040263
v 0.208333 1.250000 0.028183
v 0.222222 1.250000 0.015642
v 0.236111 1.250000 0.006057
v 0.250000 1.250000 0.000206
v 0.263889 1.250000 -0.003199
v 0.277778 1.250000 -0.005677
v 0.291667 1.250000 -0.007360
v 0.305556 1.250000 -0.006808
v 0.319444 1.250000 -0.002341
v 0.333333 1.250000 0.006169
v 0.347222 1.250000 0.016470
v 0.361111 1.250000 0.024805
v 0.375000 1.250000 0.027981
v 0.388889 1.250000 0.025218
v 0.402778 1.250000 0.018510
v 0.416667 1.250000 0.011231
v 0.430556 1.250000 0.005984
v 0.444444 1.250000 0.003200
v 0.458333 1.250000 0.001437
v 0.472222 1.250000 -0.000906
v 0.486111 1.250000 -0.003787
v 0.500000 1.250000 -0.005053
v -0.500000 1.000000 -0.008494
v -0.486111 1.000000 -0.001455
v -0.472222 1.000000 0.012947
v -0.458333 1.000000 0.031162
v -0.444444 1.000000 0.046867
v -0.430556 1.000000 0.054115
v -0.416667 1.000000 0.050379
v -0.402778 1.000000 0.037599
v -0.388889 1.000000 0.020696
v -0.375000 1.000000 0.004681
v -0.361111 1.000000 -0.007688
v -0.347222 1.000000 -0.016262
v -0.333333 1.000000 -0.021979
v -0.319444 1.000000 -0.024892
v -0.305556 1.000000 -0.023447
v -0.291667 1.000000 -0.015639
v -0.277778 1.000000 -0.001194
v -0.263889 1.000000 0.016982
v -0.250000 1.000000 0.033423
v -0.236111 1.000000 0.042657
v -0.222222 1.000000 0.042130
v -0.208333 1.000000 0.033570
v -0.194444 1.000000 0.021841
v -0.180556 1.000000 0.012004
v -0.166667 1.000000 0.006548
v -0.152778 1.000000 0.004551
v -0.138889 1.000000 0.003223
v -0.125000 1.000000 0.000597
v -0.111111 1.000000 -0.002634
v -0.097222 1.000000 -0.003474
v -0.083333 1.000000 0.001086
v -0.069444 1.000000 0.011488
v -0.055556 1.000000 0.024634
v -0.041667 1.000000 0.035286
v -0.027778 1.000000 0.038937
v -0.013889 1.000000 0.034264
v 0.000000 1.000000 0.023554
v 0.013889 1.000000 0.010964
v 0.027778 1.000000 -0.000065
v 0.041667 1.000000 -0.008393
v 0.055556 1.000000 -0.014761
v 0.069444 1.000000 -0.019892
v 0.083333 1.000000 -0.022771
v 0.097222 1.000000 -0.020613
v 0.111111 1.000000 -0.010751
v 0.125000 1.000000 0.006837
v 0.138889 1.000000 0.028267
v 0.152778 1.000000 0.046917
v 0.166667 1.000000 0.056527
v 0.180556 1.000000 0.054368
v 0.194444 1.000000 0.042511
v 0.208333 1.000000 0.026387
v 0.222222 1.000000 0.011666
v 0.236111 1.000000 0.001450
v 0.250000 1.000000 -0.004483
v 0.263889 1.000000 -0.008166
v 0.277778 1.000000 -0.011012
v 0.291667 1.000000 -0.012340
v 0.305556 1.000000 -0.009947
v 0.319444 1.000000 -0.002228
v 0.333333 1.000000 0.009844
v 0.347222 1.000000 0.022464
v 0.361111 1.000000 0.030832
v 0.375000 1.000000 0.031885
v 0.388889 1.000000 0.026055
v 0.402778 1.000000 0.016819
v 0.416667 1.000000 0.008366
v 0.430556 1.000000 0.003036
v 0.444444 1.000000 0.000303
v 0.458333 1.000000 -0.002034
v 0.472222 1.000000 -0.005409
v 0.486111 1.000000 -0.008695
v 0.500000 1.000000 -0.008494
v -0.500000 0.750000 -0.010869
v -0.486111 0.750000 0.000570
v -0.472222 0.750000 0.020067
v -0.458333 0.750000 0.041980
v -0.444444 0.750000 0.058366
v -0.430556 0.750000 0.063025
v -0.416667 0.750000 0.054614
v -0.402778 0.750000 0.036918
v -0.388889 0.750000 0.016300
v -0.375000 0.750000 -0.001837
v -0.361111 0.750000 -0.015233
v -0.347222 0.750000 -0.024385
v -0.333333 0.750000 -0.030310
v -0.319444 0.750000 -0.032451
v -0.305556 0.750000 -0.028515
v -0.291667 0.750000 -0.016454
v -0.277778 0.750000 0.002949
v -0.263889 0.750000 0.025008
v -0.250000 0.750000 0.042725
v -0.236111 0.750000 0.050268
v -0.222222 0.750000 0.046135
v -0.208333 0.750000 0.033887
v -0.194444 0.750000 0.019888
v -0.180556 0.750000 0.009557
v -0.166667 0.750000 0.004567
v -0.152778 0.750000 0.002790
v -0.138889 0.750000 0.000824
v -0.125000 0.750000 -0.002829
v -0.111111 0.750000 -0.006281
v -0.097222 0.750000 -0.005548
v -0.083333 0.750000 0.002310
v -0.069444 0.750000 0.016480
v -0.055556 0.750000 0.032111
v -0.041667 0.750000 0.042760
v -0.027778 0.750000 0.043966
v -0.013889 0.750000 0.035581
v 0.000000 0.750000 0.021390
v 0.013889 0.750000 0.006456
v 0.027778 0.750000 -0.005837
v 0.041667 0.750000 -0.014996
v 0.055556 0.750000 -0.022188
v 0.069444 0.750000 -0.027783
v 0.083333 0.750000 -0.029768
v 0.097222 0.750000 -0.024501
v 0.111111 0.750000 -0.009466
v 0.125000 0.750000 0.013923
v 0.138889 0.750000 0.039654
v 0.152778 0.750000 0.059411
v 0.166667 0.750000 0.066636
v 0.180556 0.750000 0.059841
v 0.194444 0.750000 0.043119
v 0.208333 0.750000 0.023556
v 0.222222 0.750000 0.007294
v 0.236111 0.750000 -0.003224
v 0.250000 0.750000 -0.009246
v 0.263889 0.750000 -0.013294
v 0.277778 0.750000 -0.016365
v 0.291667 0.750000 -0.016871
v 0.305556 0.750000 -0.012066
v 0.319444 0.750000 -0.000799
v 0.333333 0.750000 0.014587
v 0.347222 0.750000 0.028793
v 0.361111 0.750000 0.036342
v 0.375000 0.750000 0.034743
v 0.388889 0.750000 0.025860
v 0.402778 0.750000 0.014521
v 0.416667 0.750000 0.005364
v 0.430556 0.750000 0.000130
v 0.444444 0.750000 -0.002715
v 0.458333 0.750000 -0.005862
v 0.472222 0.750000 -0.010210
v 0.486111 0.750000 -0.013365
v 0.500000 0.750000 -0.010869
v -0.500000 0.500000 -0.012048
v -0.486111 0.500000 0.003565
v -0.472222 0.500000 0.027365
v -0.458333 0.500000 0.051890
v -0.444444 0.500000 0.068053
v -0.430556 0.500000 0.069807
v -0.416667 0.500000 0.057092
v -0.402778 0.500000 0.035295
v -0.388889 0.500000 0.011819
v -0.375000 0.500000 -0.007844
v -0.361111 0.500000 -0.021981
v -0.347222 0.500000 -0.031570
v -0.333333 0.500000 -0.037515
v -0.319444 0.500000 -0.038624
v -0.305556 0.500000 -0.032059
v -0.291667 0.500000 -0.015985
v -0.277778 0.500000 0.007657
v -0.263889 0.500000 0.032590
v -0.250000 0.500000 0.050689
v -0.236111 0.500000 0.056160
v -0.222222 0.500000 0.048690
v -0.208333 0.500000 0.033458
v -0.194444 0.500000 0.017919
v -0.180556 0.500000 0.007489
v -0.166667 0.500000 0.002949
v -0.152778 0.500000 0.001178
v -0.138889 0.500000 -0.001517
v -0.125000 0.500000 -0.005991
v -0.111111 0.500000 -0.009268
v -0.097222 0.500000 -0.006696
v -0.083333 0.500000 0.004300
v -0.069444 0.500000 0.021606
v -0.055556 0.500000 0.038880
v -0.041667 0.500000 0.048891
v -0.027778 0.500000 0.047527
v -0.013889 0.500000 0.035830
v 0.000000 0.500000 0.018825
v 0.013889 0.500000 0.002142
v 0.027778 0.500000 -0.011088
v 0.041667 0.500000 -0.020955
v 0.055556 0.500000 -0.028842
v 0.069444 0.500000 -0.034617
v 0.083333 0.500000 -0.035345
v 0.097222 0.500000 -0.026811
v 0.111111 0.500000 -0.006941
v 0.125000 0.500000 0.021348
v 0.138889 0.500000 0.050181
v 0.152778 0.500000 0.070037
v 0.166667 0.500000 0.074484
v 0.180556 0.500000 0.063401
v 0.194444 0.500000 0.042661
v 0.208333 0.500000 0.020554
v 0.222222 0.500000 0.003332
v 0.236111 0.500000 -0.007313
v 0.250000 0.500000 -0.013467
v 0.263889 0.500000 -0.017866
v 0.277778 0.500000 -0.020966
v 0.291667 0.500000 -0.020393
v 0.305556 0.500000 -0.013130
v 0.319444 0.500000 0.001321
v 0.333333 0.500000 0.019305
v 0.347222 0.500000 0.034338
v 0.361111 0.500000 0.040639
v 0.375000 0.500000 0.036487
v 0.388889 0.500000 0.025068
v 0.402778 0.500000 0.012230
v 0.416667 0.500000 0.002731
v 0.430556 0.500000 -0.002383
v 0.444444 0.500000 -0.005481
v 0.458333 0.500000 -0.009459
v 0.472222 0.500000 -0.014516
v 0.486111 0.500000 -0.017107
v 0.500000 0.500000 -0.012048
v -0.500000 0.250000 -0.012439
v -0.486111 0.250000 0.006202
v -0.472222 0.250000 0.032899
v -0.458333 0.250000 0.058953
v -0.444444 0.250000 0.074616
v -0.430556 0.250000 0.074105
v -0.416667 0.250000 0.058335
v -0.402778 0.250000 0.033783
v -0.388889 0.250000 0.008468
v -0.375000 0.250000 -0.012155
v -0.361111 0.250000 -0.026781
v -0.347222 0.250000 -0.036659
v -0.333333 0.250000 -0.042534
v -0.319444 0.250000 -0.042746
v -0.305556 0.250000 -0.034142
v -0.291667 0.250000 -0.015155
v -0.277778 0.250000 0.011375
v -0.263889 0.250000 0.038065
v -0.250000 0.250000 0.056123
v -0.236111 0.250000 0.059931
v -0.222222 0.250000 0.050103
v -0.208333 0.250000 0.032926
v -0.194444 0.250000 0.016499
v -0.180556 0.250000 0.006106
v -0.166667 0.250000 0.001854
v -0.152778 0.250000 -0.000016
v -0.138889 0.250000 -0.003283
v -0.125000 0.250000 -0.008263
v -0.111111 0.250000 -0.011229
v -0.097222 0.250000 -0.007173
v -0.083333 0.250000 0.006095
v -0.069444 0.250000 0.025485
v -0.055556 0.250000 0.043657
v -0.041667 0.250000 0.052959
v -0.027778 0.250000 0.049649
v -0.013889 0.250000 0.035649
v 0.000000 0.250000 0.016789
v 0.013889 0.250000 -0.001008
v 0.027778 0.250000 -0.014854
v 0.041667 0.250000 -0.025232
v 0.055556 0.250000 -0.033593
v 0.069444 0.250000 -0.039370
v 0.083333 0.250000 -0.038986
v 0.097222 0.250000 -0.027927
v 0.111111 0.250000 -0.004571
v 0.125000 0.250000 0.027027
v 0.138889 0.250000 0.057719
v 0.152778 0.250000 0.077279
v 0.166667 0.250000 0.079533
v 0.180556 0.250000 0.065409
v 0.194444 0.250000 0.041995
v 0.208333 0.250000 0.018305
v 0.222222 0.250000 0.000540
v 0.236111 0.250000 -0.010181
v 0.250000 0.250000 -0.016473
v 0.263889 0.250000 -0.021125
v 0.277778 0.250000 -0.024147
v 0.291667 0.250000 -0.022647
v 0.305556 0.250000 -0.013522
v 0.319444 0.250000 0.003158
v 0.333333 0.250000 0.022797
v 0.347222 0.250000 0.038160
v 0.361111 0.250000 0.043386
v 0.375000 0.250000 0.037392
v 0.388889 0.250000 0.024291
v 0.402778 0.250000 0.010554
v 0.416667 0.250000 0.000906
v 0.430556 0.250000 -0.004147
v 0.444444 0.250000 -0.007510
v 0.458333 0.250000 -0.012109
v 0.472222 0.250000 -0.017564
v 0.486111 0.250000 -0.019533
v 0.500000 0.250000 -0.012439
v -0.500000 0.000000 -0.012527
v -0.486111 0.000000 0.007247
v -0.472222 0.000000 0.035001
v -0.458333 0.000000 0.061586
v -0.444444 0.000000 0.077027
v -0.430556 0.000000 0.075658
v -0.416667 0.000000 0.058759
v -0.402778 0.000000 0.033202
v -0.388889 0.000000 0.007218
v -0.375000 0.000000 -0.013764
v -0.361111 0.000000 -0.028580
v -0.347222 0.000000 -0.038573
v -0.333333 0.000000 -0.044413
v -0.319444 0.000000 -0.044267
v -0.305556 0.000000 -0.034878
v -0.291667 0.000000 -0.014797
v -0.277778 0.000000 0.012792
v -0.263889 0.000000 0.040104
v -0.250000 0.000000 0.058116
v -0.236111 0.000000 0.061292
v -0.222222 0.000000 0.050599
v -0.208333 0.000000 0.032725
v -0.194444 0.000000 0.015989
v -0.180556 0.000000 0.005612
v -0.166667 0.000000 0.001450
v -0.152778 0.000000 -0.000477
v -0.138889 0.000000 -0.003964
v -0.125000 0.000000 -0.009117
v -0.111111 0.000000 -0.011939
v -0.097222 0.000000 -0.007306
v -0.083333 0.000000 0.006811
v -0.069444 0.000000 0.026955
v -0.055556 0.000000 0.045428
v -0.041667 0.000000 0.054440
v -0.027778 0.000000 0.050399
v -0.013889 0.000000 0.035553
v 0.000000 0.000000 0.016019
v 0.013889 0.000000 -0.002185
v 0.027778 0.000000 -0.016267
v 0.041667 0.000000 -0.026847
v 0.055556 0.000000 -0.035385
v 0.069444 0.000000 -0.041145
v 0.083333 0.000000 -0.040315
v 0.097222 0.000000 -0.028286
v 0.111111 0.000000 -0.003625
v 0.125000 0.000000 0.029183
v 0.138889 0.000000 0.060528
v 0.152778 0.000000 0.079942
v 0.166667 0.000000 0.081365
v 0.180556 0.000000 0.066120
v 0.194444 0.000000 0.041737
v 0.208333 0.000000 0.017479
v 0.222222 0.000000 -0.000486
v 0.236111 0.000000 -0.011248
v 0.250000 0.000000 -0.017608
v 0.263889 0.000000 -0.022355
v 0.277778 0.000000 -0.025333
v 0.291667 0.000000 -0.023463
v 0.305556 0.000000 -0.013631
v 0.319444 0.000000 0.003875
v 0.333333 0.000000 0.024105
v 0.347222 0.000000 0.039561
v 0.361111 0.000000 0.044372
v 0.375000 0.000000 0.037697
v 0.388889 0.000000 0.023991
v 0.402778 0.000000 0.009937
v 0.416667 0.000000 0.000237
v 0.430556 0.000000 -0.004808
v 0.444444 0.000000 -0.008287
v 0.458333 0.000000 -0.013121
v 0.472222 0.000000 -0.018705
v 0.486111 0.000000 -0.020409
v 0.500000 0.000000 -0.012527
v -0.500000 -0.250000 -0.013187
v -0.486111 -0.250000 0.006048
v -0.472222 -0.250000 0.033598
v -0.458333 -0.250000 0.060484
v -0.444444 -0.250000 0.076647
v -0.430556 -0.250000 0.076120
v -0.416667 -0.250000 0.059846
v -0.402778 -0.250000 0.034510
v -0.388889 -0.250000 0.008388
v -0.375000 -0.250000 -0.012895
v -0.361111 -0.250000 -0.027987
v -0.347222 -0.250000 -0.038181
v -0.333333 -0.250000 -0.044244
v -0.319444 -0.250000 -0.044462
v -0.305556 -0.250000 -0.035583
v -0.291667 -0.250000 -0.015990
v -0.277778 -0.250000 0.011387
v -0.263889 -0.250000 0.038929
v -0.250000 -0.250000 0.057564
v -0.236111 -0.250000 0.061493
v -0.222222 -0.250000 0.051351
v -0.208333 -0.250000 0.033626
v -0.194444 -0.250000 0.016674
v -0.180556 -0.250000 0.005950
v -0.166667 -0.250000 0.001562
v -0.152778 -0.250000 -0.000368
v -0.138889 -0.250000 -0.003739
v -0.125000 -0.250000 -0.008878
v -0.111111 -0.250000 -0.011939
v -0.097222 -0.250000 -0.007753
v -0.083333 -0.250000 0.005938
v -0.069444 -0.250000 0.025947
v -0.055556 -0.250000 0.044700
v -0.041667 -0.250000 0.054298
v -0.027778 -0.250000 0.050883
v -0.013889 -0.250000 0.036436
v 0.000000 -0.250000 0.016974
v 0.013889 -0.250000 -0.001391
v 0.027778 -0.250000 -0.015680
v 0.041667 -0.250000 -0.026389
v 0.055556 -0.250000 -0.035016
v 0.069444 -0.250000 -0.040978
v 0.083333 -0.250000 -0.040582
v 0.097222 -0.250000 -0.029169
v 0.111111 -0.250000 -0.005068
v 0.125000 -0.250000 0.027538
v 0.138889 -0.250000 0.059210
v 0.152778 -0.250000 0.079395
v 0.166667 -0.250000 0.081721
v 0.180556 -0.250000 0.067146
v 0.194444 -0.250000 0.042984
v 0.208333 -0.250000 0.018538
v 0.222222 -0.250000 0.000206
v 0.236111 -0.250000 -0.010857
v 0.250000 -0.250000 -0.017350
v 0.263889 -0.250000 -0.022150
v 0.277778 -0.250000 -0.025269
v 0.291667 -0.250000 -0.023721
v 0.305556 -0.250000 -0.014305
v 0.319444 -0.250000 0.002908
v 0.333333 -0.250000 0.023174
v 0.347222 -0.250000 0.039027
v 0.361111 -0.250000 0.044420
v 0.375000 -0.250000 0.038234
v 0.388889 -0.250000 0.024715
v 0.402778 -0.250000 0.010539
v 0.416667 -0.250000 0.000584
v 0.430556 -0.250000 -0.004631
v 0.444444 -0.250000 -0.008101
v 0.458333 -0.250000 -0.012847
v 0.472222 -0.250000 -0.018476
v 0.486111 -0.250000 -0.020507
v 0.500000 -0.250000 -0.013187
v -0.500000 -0.500000 -0.014969
v -0.486111 -0.500000 0.002622
v -0.472222 -0.500000 0.029439
v -0.458333 -0.500000 0.057073
v -0.444444 -0.500000 0.075285
v -0.430556 -0.500000 0.077262
v -0.416667 -0.500000 0.062934
v -0.402778 -0.500000 0.038374
v -0.388889 -0.500000 0.011923
v -0.375000 -0.500000 -0.010233
v -0.361111 -0.500000 -0.026162
v -0.347222 -0.500000 -0.036966
v -0.333333 -0.500000 -0.043665
v -0.319444 -0.500000 -0.044914
v -0.305556 -0.500000 -0.037517
v -0.291667 -0.500000 -0.019406
v -0.277778 -0.500000 0.007234
v -0.263889 -0.500000 0.035327
v -0.250000 -0.500000 0.055720
v -0.236111 -0.500000 0.061884
v -0.222222 -0.500000 0.053468
v -0.208333 -0.500000 0.036305
v -0.194444 -0.500000 0.018796
v -0.180556 -0.500000 0.007044
v -0.166667 -0.500000 0.001928
v -0.152778 -0.500000 -0.000067
v -0.138889 -0.500000 -0.003103
v -0.125000 -0.500000 -0.008145
v -0.111111 -0.500000 -0.011837
v -0.097222 -0.500000 -0.008940
v -0.083333 -0.500000 0.003450
v -0.069444 -0.500000 0.022950
v -0.055556 -0.500000 0.042414
v -0.041667 -0.500000 0.053694
v -0.027778 -0.500000 0.052157
v -0.013889 -0.500000 0.038978
v 0.000000 -0.500000 0.019817
v 0.013889 -0.500000 0.001019
v 0.027778 -0.500000 -0.013888
v 0.041667 -0.500000 -0.025005
v 0.055556 -0.500000 -0.033893
v 0.069444 -0.500000 -0.040400
v 0.083333 -0.500000 -0.041220
v 0.097222 -0.500000 -0.031604
v 0.111111 -0.500000 -0.009216
v 0.125000 -0.500000 0.022660
v 0.138889 -0.500000 0.055148
v 0.152778 -0.500000 0.077520
v 0.166667 -0.500000 0.082531
v 0.180556 -0.500000 0.070044
v 0.194444 -0.500000 0.046674
v 0.208333 -0.500000 0.021765
v 0.222222 -0.500000 0.002360
v 0.236111 -0.500000 -0.009635
v 0.250000 -0.500000 -0.016568
v 0.263889 -0.500000 -0.021526
v 0.277778 -0.500000 -0.025019
v 0.291667 -0.500000 -0.024373
v 0.305556 -0.500000 -0.016188
v 0.319444 -0.500000 0.000094
v 0.333333 -0.500000 0.020357
v 0.347222 -0.500000 0.037296
v 0.361111 -0.500000 0.044396
v 0.375000 -0.500000 0.039718
v 0.388889 -0.500000 0.026851
v 0.402778 -0.500000 0.012386
v 0.416667 -0.500000 0.001683
v 0.430556 -0.500000 -0.004079
v 0.444444 -0.500000 -0.007570
v 0.458333 -0.500000 -0.012053
v 0.472222 -0.500000 -0.017751
v 0.486111 -0.500000 -0.020670
v 0.500000 -0.500000 -0.014969
v -0.500000 -0.750000 -0.017321
v -0.486111 -0.750000 -0.002507
v -0.472222 -0.750000 0.022742
v -0.458333 -0.750000 0.051120
v -0.444444 -0.750000 0.072339
v -0.430556 -0.750000 0.078373
v -0.416667 -0.750000 0.067481
v -0.402778 -0.750000 0.044564
v -0.388889 -0.750000 0.017863
v -0.375000 -0.750000 -0.005625
v -0.361111 -0.750000 -0.022972
v -0.347222 -0.750000 -0.034824
v -0.333333 -0.750000 -0.042497
v -0.319444 -0.750000 -0.045270
v -0.305556 -0.750000 -0.040173
v -0.291667 -0.750000 -0.024554
v -0.277778 -0.750000 0.000573
v -0.263889 -0.750000 0.029141
v -0.250000 -0.750000 0.052085
v -0.236111 -0.750000 0.061852
v -0.222222 -0.750000 0.056501
v -0.208333 -0.750000 0.040639
v -0.194444 -0.750000 0.022510
v -0.180556 -0.750000 0.009131
v -0.166667 -0.750000 0.002669
v -0.152778 -0.750000 0.000368
v -0.138889 -0.750000 -0.002178
v -0.125000 -0.750000 -0.006909
v -0.111111 -0.750000 -0.011380
v -0.097222 -0.750000 -0.010430
v -0.083333 -0.750000 -0.000253
v -0.069444 -0.750000 0.018097
v -0.055556 -0.750000 0.038339
v -0.041667 -0.750000 0.052130
v -0.027778 -0.750000 0.053692
v -0.013889 -0.750000 0.042833
v 0.000000 -0.750000 0.024455
v 0.013889 -0.750000 0.005116
v 0.027778 -0.750000 -0.010805
v 0.041667 -0.750000 -0.022665
v 0.055556 -0.750000 -0.031979
v 0.069444 -0.750000 -0.039224
v 0.083333 -0.750000 -0.041795
v 0.097222 -0.750000 -0.034975
v 0.111111 -0.750000 -0.015504
v 0.125000 -0.750000 0.014786
v 0.138889 -0.750000 0.048107
v 0.152778 -0.750000 0.073694
v 0.166667 -0.750000 0.083049
v 0.180556 -0.750000 0.074250
v 0.194444 -0.750000 0.052595
v 0.208333 -0.750000 0.027260
v 0.222222 -0.750000 0.006201
v 0.236111 -0.750000 -0.007421
v 0.250000 -0.750000 -0.015219
v 0.263889 -0.750000 -0.020461
v 0.277778 -0.750000 -0.024439
v 0.291667 -0.750000 -0.025094
v 0.305556 -0.750000 -0.018871
v 0.319444 -0.750000 -0.004280
v 0.333333 -0.750000 0.015645
v 0.347222 -0.750000 0.034043
v 0.361111 -0.750000 0.043819
v 0.375000 -0.750000 0.041748
v 0.388889 -0.750000 0.030244
v 0.402778 -0.750000 0.015560
v 0.416667 -0.750000 0.003701
v 0.430556 -0.750000 -0.003077
v 0.444444 -0.750000 -0.006761
v 0.458333 -0.750000 -0.010836
v 0.472222 -0.750000 -0.016467
v 0.486111 -0.750000 -0.020553
v 0.500000 -0.750000 -0.017321
v -0.500000 -1.000000 -0.019460
v -0.486111 -1.000000 -0.008461
v -0.472222 -1.000000 0.014042
v -0.458333 -1.000000 0.042504
v -0.444444 -1.000000 0.067043
v -0.430556 -1.000000 0.078367
v -0.416667 -1.000000 0.072529
v -0.402778 -1.000000 0.052560
v -0.388889 -1.000000 0.026151
v -0.375000 -1.000000 0.001127
v -0.361111 -1.000000 -0.018200
v -0.347222 -1.000000 -0.031597
v -0.333333 -1.000000 -0.040529
v -0.319444 -1.000000 -0.045082
v -0.305556 -1.000000 -0.042824
v -0.291667 -1.000000 -0.030623
v -0.277778 -1.000000 -0.008053
v -0.263889 -1.000000 0.020346
v -0.250000 -1.000000 0.046036
v -0.236111 -1.000000 0.060464
v -0.222222 -1.000000 0.059640
v -0.208333 -1.000000 0.046266
v -0.194444 -1.000000 0.027938
v -0.180556 -1.000000 0.012569
v -0.166667 -1.000000 0.004044
v -0.152778 -1.000000 0.000923
v -0.138889 -1.000000 -0.001152
v -0.125000 -1.000000 -0.005255
v -0.111111 -1.000000 -0.010304
v -0.097222 -1.000000 -0.011615
v -0.083333 -1.000000 -0.004490
v -0.069444 -1.000000 0.011762
v -0.055556 -1.000000 0.032303
v -0.041667 -1.000000 0.048946
v -0.027778 -1.000000 0.054652
v -0.013889 -1.000000 0.047350
v 0.000000 -1.000000 0.030616
v 0.013889 -1.000000 0.010944
v 0.027778 -1.000000 -0.006289
v 0.041667 -1.000000 -0.019302
v 0.055556 -1.000000 -0.029251
v 0.069444 -1.000000 -0.037268
v 0.083333 -1.000000 -0.041767
v 0.097222 -1.000000 -0.038396
v 0.111111 -1.000000 -0.022986
v 0.125000 -1.000000 0.004495
v 0.138889 -1.000000 0.037979
v 0.152778 -1.000000 0.067121
v 0.166667 -1.000000 0.082135
v 0.180556 -1.000000 0.078763
v 0.194444 -1.000000 0.060235
v 0.208333 -1.000000 0.035043
v 0.222222 -1.000000 0.012041
v 0.236111 -1.000000 -0.003922
v 0.250000 -1.000000 -0.013192
v 0.263889 -1.000000 -0.018947
v 0.277778 -1.000000 -0.023394
v 0.291667 -1.000000 -0.025468
v 0.305556 -1.000000 -0.021730
v 0.319444 -1.000000 -0.009669
v 0.333333 -1.000000 0.009194
v 0.347222 -1.000000 0.028912
v 0.361111 -1.000000 0.041987
v 0.375000 -1.000000 0.043633
v 0.388889 -1.000000 0.034524
v 0.402778 -1.000000 0.020092
v 0.416667 -1.000000 0.006884
v 0.430556 -1.000000 -0.001444
v 0.444444 -1.000000 -0.005715
v 0.458333 -1.000000 -0.009366
v 0.472222 -1.000000 -0.014639
v 0.486111 -1.000000 -0.019774
v 0.500000 -1.000000 -0.019460
v -0.500000 -1.250000 -0.020613
v -0.486111 -1.250000 -0.014113
v -0.472222 -1.250000 0.004306
v -0.458333 -1.250000 0.031511
v -0.444444 -1.250000 0.058799
v -0.430556 -1.250000 0.076008
v -0.416667 -1.250000 0.076736
v -0.402778 -1.250000 0.061421
v -0.388889 -1.250000 0.036452
v -0.375000 -1.250000 0.010148
v -0.361111 -1.250000 -0.011576
v -0.347222 -1.250000 -0.027084
v -0.333333 -1.250000 -0.037582
v -0.319444 -1.250000 -0.043967
v -0.305556 -1.250000 -0.044712
v -0.291667 -1.250000 -0.036582
v -0.277778 -1.250000 -0.017726
v -0.263889 -1.250000 0.009301
v -0.250000 -1.250000 0.037144
v -0.236111 -1.250000 0.056678
v -0.222222 -1.250000 0.061728
v -0.208333 -1.250000 0.052434
v -0.194444 -1.250000 0.034969
v -0.180556 -1.250000 0.017722
v -0.166667 -1.250000 0.006481
v -0.152778 -1.250000 0.001738
v -0.138889 -1.250000 -0.000213
v -0.125000 -1.250000 -0.003414
v -0.111111 -1.250000 -0.008514
v -0.097222 -1.250000 -0.011906
v -0.083333 -1.250000 -0.008374
v -0.069444 -1.250000 0.004672
v -0.055556 -1.250000 0.024445
v -0.041667 -1.250000 0.043576
v -0.027778 -1.250000 0.054030
v -0.013889 -1.250000 0.051552
v 0.000000 -1.250000 0.037725
v 0.013889 -1.250000 0.018398
v 0.027778 -1.250000 -0.000193
v 0.041667 -1.250000 -0.014791
v 0.055556 -1.250000 -0.025700
v 0.069444 -1.250000 -0.034458
v 0.083333 -1.250000 -0.040703
v 0.097222 -1.250000 -0.040930
v 0.111111 -1.250000 -0.030425
v 0.125000 -1.250000 -0.007173
v 0.138889 -1.250000 0.025091
v 0.152778 -1.250000 0.057201
v 0.166667 -1.250000 0.078501
v 0.180556 -1.250000 0.082173
v 0.194444 -1.250000 0.068626
v 0.208333 -1.250000 0.044837
v 0.222222 -1.250000 0.020141
v 0.236111 -1.250000 0.001267
v 0.250000 -1.250000 -0.010256
v 0.263889 -1.250000 -0.016962
v 0.277778 -1.250000 -0.021840
v 0.291667 -1.250000 -0.025155
v 0.305556 -1.250000 -0.024068
v 0.319444 -1.250000 -0.015272
v 0.333333 -1.250000 0.001486
v 0.347222 -1.250000 0.021771
v 0.361111 -1.250000 0.038186
v 0.375000 -1.250000 0.044439
v 0.388889 -1.250000 0.038999
v 0.402778 -1.250000 0.025789
v 0.416667 -1.250000 0.011454
v 0.430556 -1.250000 0.001122
v 0.444444 -1.250000 -0.004359
v 0.458333 -1.250000 -0.007831
v 0.472222 -1.250000 -0.012445
v 0.486111 -1.250000 -0.018120
v 0.500000 -1.250000 -0.020613
v -0.500000 -1.500000 -0.020305
v -0.486111 -1.500000 -0.018357
v -0.472222 -1.500000 -0.005141
v -0.458333 -1.500000 0.019038
v -0.444444 -1.500000 0.047578
v -0.430556 -1.500000 0.070297
v -0.416667 -1.500000 0.078583
v -0.402778 -1.500000 0.069757
v -0.388889 -1.500000 0.047975
v -0.375000 -1.500000 0.021304
v -0.361111 -1.500000 -0.002871
v -0.347222 -1.500000 -0.021042
v -0.333333 -1.500000 -0.033521
v -0.319444 -1.500000 -0.041725
v -0.305556 -1.500000 -0.045279
v -0.291667 -1.500000 -0.041411
v -0.277778 -1.500000 -0.027222
v -0.263889 -1.500000 -0.003101
v -0.250000 -1.500000 0.025507
v -0.236111 -1.500000 0.049703
v -0.222222 -1.500000 0.061460
v -0.208333 -1.500000 0.057959
v -0.194444 -1.500000 0.043039
v -0.180556 -1.500000 0.024733
v -0.166667 -1.500000 0.010483
v -0.152778 -1.500000 0.003186
v -0.138889 -1.500000 0.000599
v -0.125000 -1.500000 -0.001717
v -0.111111 -1.500000 -0.006208
v -0.097222 -1.500000 -0.010985
v -0.083333 -1.500000 -0.011038
v -0.069444 -1.500000 -0.002139
v -0.055556 -1.500000 0.015403
v -0.041667 -1.500000 0.035875
v -0.027778 -1.500000 0.050941
v -0.013889 -1.500000 0.054253
v 0.000000 -1.500000 0.044829
v 0.013889 -1.500000 0.027057
v 0.027778 -1.500000 0.007519
v 0.041667 -1.500000 -0.008965
v 0.055556 -1.500000 -0.021288
v 0.069444 -1.500000 -0.030856
v 0.083333 -1.500000 -0.038451
v 0.097222 -1.500000 -0.041888
v 0.111111 -1.500000 -0.036562
v 0.125000 -1.500000 -0.018783
v 0.138889 -1.500000 0.010415
v 0.152778 -1.500000 0.043938
v 0.166667 -1.500000 0.071129
v 0.180556 -1.500000 0.082894
v 0.194444 -1.500000 0.076314
v 0.208333 -1.500000 0.055857
v 0.222222 -1.500000 0.030477
v 0.236111 -1.500000 0.008556
v 0.250000 -1.500000 -0.006032
v 0.263889 -1.500000 -0.014403
v 0.277778 -1.500000 -0.019838
v 0.291667 -1.500000 -0.024033
v 0.305556 -1.500000 -0.025329
v 0.319444 -1.500000 -0.020174
v 0.333333 -1.500000 -0.006616
v 0.347222 -1.500000 0.012945
v 0.361111 -1.500000 0.031989
v 0.375000 -1.500000 0.043197
v 0.388889 -1.500000 0.042664
v 0.402778 -1.500000 0.032089
v 0.416667 -1.500000 0.017430
v 0.430556 -1.500000 0.004970
v 0.444444 -1.500000 -0.002438
v 0.458333 -1.500000 -0.006321
v 0.472222 -1.500000 -0.010196
v 0.486111 -1.500000 -0.015707
v 0.500000 -1.500000 -0.020305
v -0.500000 -1.750000 -0.018568
v -0.486111 -1.750000 -0.020471
v -0.472222 -1.750000 -0.012928
v -0.458333 -1.750000 0.006522
v -0.444444 -1.750000 0.034156
v -0.430556 -1.750000 0.060925
v -0.416667 -1.750000 0.076803
v -0.402778 -1.750000 0.075941
v -0.388889 -1.750000 0.059417
v -0.375000 -1.750000 0.033990
v -0.361111 -1.750000 0.007921
v -0.347222 -1.750000 -0.013242
v -0.333333 -1.750000 -0.028224
v -0.319444 -1.750000 -0.038338
v -0.305556 -1.750000 -0.044312
v -0.291667 -1.750000 -0.044387
v -0.277778 -1.750000 -0.035306
v -0.263889 -1.750000 -0.015518
v -0.250000 -1.750000 0.011945
v -0.236111 -1.750000 0.039399
v -0.222222 -1.750000 0.057787
v -0.208333 -1.750000 0.061417
v -0.194444 -1.750000 0.051054
v -0.180556 -1.750000 0.033267
v -0.166667 -1.750000 0.016400
v -0.152778 -1.750000 0.005814
v -0.138889 -1.750000 0.001517
v -0.125000 -1.750000 -0.000411
v -0.111111 -1.750000 -0.003828
v -0.097222 -1.750000 -0.008974
v -0.083333 -1.750000 -0.011941
v -0.069444 -1.750000 -0.007579
v -0.055556 -1.750000 0.006283
v -0.041667 -1.750000 0.026348
v -0.027778 -1.750000 0.044992
v -0.013889 -1.750000 0.054358
v 0.000000 -1.750000 0.050694
v 0.013889 -1.750000 0.036086
v 0.027778 -1.750000 0.016594
v 0.041667 -1.750000 -0.001708
v 0.055556 -1.750000 -0.015914
v 0.069444 -1.750000 -0.026572
v 0.083333 -1.750000 -0.035164
v 0.097222 -1.750000 -0.041046
v 0.111111 -1.750000 -0.040479
v 0.125000 -1.750000 -0.028822
v 0.138889 -1.750000 -0.004497
v 0.152778 -1.750000 0.028192
v 0.166667 -1.750000 0.059738
v 0.180556 -1.750000 0.079618
v 0.194444 -1.750000 0.081585
v 0.208333 -1.750000 0.066741
v 0.222222 -1.750000 0.042488
v 0.236111 -1.750000 0.018115
v 0.250000 -1.750000 -0.000071
v 0.263889 -1.750000 -0.011014
v 0.277778 -1.750000 -0.017453
v 0.291667 -1.750000 -0.022232
v 0.305556 -1.750000 -0.025296
v 0.319444 -1.750000 -0.023621
v 0.333333 -1.750000 -0.014040
v 0.347222 -1.750000 0.003291
v 0.361111 -1.750000 0.023545
v 0.375000 -1.750000 0.039242
v 0.388889 -1.750000 0.044404
v 0.402778 -1.750000 0.038023
v 0.416667 -1.750000 0.024428
v 0.430556 -1.750000 0.010299
v 0.444444 -1.750000 0.000445
v 0.458333 -1.750000 -0.004702
v 0.472222 -1.750000 -0.008174
v 0.486111 -1.750000 -0.012956
v 0.500000 -1.750000 -0.018568
v -0.500000 -2.000000 -0.015913
v -0.486111 -2.000000 -0.020383
v -0.472222 -2.000000 -0.018099
v -0.458333 -2.000000 -0.004453
v -0.444444 -2.000000 0.020025
v -0.430556 -2.000000 0.048539
v -0.416667 -2.000000 0.070871
v -0.402778 -2.000000 0.078557
v -0.388889 -2.000000 0.069169
v -0.375000 -2.000000 0.047067
v -0.361111 -2.000000 0.020375
v -0.347222 -2.000000 -0.003621
v -0.333333 -2.000000 -0.021569
v -0.319444 -2.000000 -0.033877
v -0.305556 -2.000000 -0.041940
v -0.291667 -2.000000 -0.045289
v -0.277778 -2.000000 -0.041097
v -0.263889 -2.000000 -0.026524
v -0.250000 -2.000000 -0.002123
v -0.236111 -2.000000 0.026490
v -0.222222 -2.000000 0.050364
v -0.208333 -2.000000 0.061592
v -0.194444 -2.000000 0.057587
v -0.180556 -2.000000 0.042400
v -0.166667 -2.000000 0.024128
v -0.152778 -2.000000 0.010108
v -0.138889 -2.000000 0.003039
v -0.125000 -2.000000 0.000537
v -0.111111 -2.000000 -0.001836
v -0.097222 -2.000000 -0.006395
v -0.083333 -2.000000 -0.011099
v -0.069444 -2.000000 -0.010891
v -0.055556 -2.000000 -0.001648
v -0.041667 -2.000000 0.016121
v -0.027778 -2.000000 0.036546
v -0.013889 -2.000000 0.051281
v 0.000000 -2.000000 0.054125
v 0.013889 -2.000000 0.044308
v 0.027778 -2.000000 0.026361
v 0.041667 -2.000000 0.006868
v 0.055556 -2.000000 -0.009466
v 0.069444 -2.000000 -0.021662
v 0.083333 -2.000000 -0.031160
v 0.097222 -2.000000 -0.038665
v 0.111111 -2.000000 -0.041879
v 0.125000 -2.000000 -0.036158
v 0.138889 -2.000000 -0.017924
v 0.152778 -2.000000 0.011581
v 0.166667 -2.000000 0.045068
v 0.180556 -2.000000 0.071845
v 0.194444 -2.000000 0.082968
v 0.208333 -2.000000 0.075784
v 0.222222 -2.000000 0.054989
v 0.236111 -2.000000 0.029607
v 0.250000 -2.000000 0.007911
v 0.263889 -2.000000 -0.006415
v 0.277778 -2.000000 -0.014627
v 0.291667 -2.000000 -0.020007
v 0.305556 -2.000000 -0.024146
v 0.319444 -2.000000 -0.025277
v 0.333333 -2.000000 -0.019840
v 0.347222 -2.000000 -0.006000
v 0.361111 -2.000000 0.013671
v 0.375000 -2.000000 0.032554
v 0.388889 -2.000000 0.043385
v 0.402778 -2.000000 0.042435
v 0.416667 -2.000000 0.031600
v 0.430556 -2.000000 0.016924
v 0.444444 -2.000000 0.004620
v 0.458333 -2.000000 -0.002615
v 0.472222 -2.000000 -0.006439
v 0.486111 -2.000000 -0.010364
v 0.500000 -2.000000 -0.015913
v -0.500000 2.000000 -0.018536
v -0.486111 2.000000 -0.019787
v -0.472222 2.000000 -0.019148
v -0.458333 2.000000 -0.015327
v -0.444444 2.000000 -0.008473
v -0.430556 2.000000 -0.000489
v -0.416667 2.000000 0.005764
v -0.402778 2.000000 0.007916
v -0.388889 2.000000 0.005287
v -0.375000 2.000000 -0.000901
v -0.361111 2.000000 -0.008375
v -0.347222 2.000000 -0.015094
v -0.333333 2.000000 -0.020119
v -0.319444 2.000000 -0.023566
v -0.305556 2.000000 -0.025823
v -0.291667 2.000000 -0.026761
v -0.277778 2.000000 -0.025587
v -0.263889 2.000000 -0.021507
v -0.250000 2.000000 -0.014674
v -0.236111 2.000000 -0.006663
v -0.222222 2.000000 0.000022
v -0.208333 2.000000 0.003166
v -0.194444 2.000000 0.002044
v -0.180556 2.000000 -0.002208
v -0.166667 2.000000 -0.007324
v -0.152778 2.000000 -0.011250
v -0.138889 2.000000 -0.013229
v -0.125000 2.000000 -0.013930
v -0.111111 2.000000 -0.014594
v -0.097222 2.000000 -0.015871
v -0.083333 2.000000 -0.017188
v -0.069444 2.000000 -0.017130
v -0.055556 2.000000 -0.014541
v -0.041667 2.000000 -0.009566
v -0.027778 2.000000 -0.003847
v -0.013889 2.000000 0.000279
v 0.000000 2.000000 0.001075
v 0.013889 2.000000 -0.001674
v 0.027778 2.000000 -0.006699
v 0.041667 2.000000 -0.012157
v 0.055556 2.000000 -0.016730
v 0.069444 2.000000 -0.020145
v 0.083333 2.000000 -0.022805
v 0.097222 2.000000 -0.024906
v 0.111111 2.000000 -0.025806
v 0.125000 2.000000 -0.024204
v 0.138889 2.000000 -0.019099
v 0.152778 2.000000 -0.010837
v 0.166667 2.000000 -0.001461
v 0.180556 2.000000 0.006036
v 0.194444 2.000000 0.009151
v 0.208333 2.000000 0.007139
v 0.222222 2.000000 0.001317
v 0.236111 2.000000 -0.005790
v 0.250000 2.000000 -0.011865
v 0.263889 2.000000 -0.015876
v 0.277778 2.000000 -0.018175
v 0.291667 2.000000 -0.019682
v 0.305556 2.000000 -0.020841
v 0.319444 2.000000 -0.021158
v 0.333333 2.000000 -0.019635
v 0.347222 2.000000 -0.015760
v 0.361111 2.000000 -0.010252
v 0.375000 2.000000 -0.004965
v 0.388889 2.000000 -0.001932
v 0.402778 2.000000 -0.002198
v 0.416667 2.000000 -0.005232
v 0.430556 2.000000 -0.009341
v 0.444444 2.000000 -0.012786
v 0.458333 2.000000 -0.014812
v 0.472222 2.000000 -0.015883
v 0.486111 2.000000 -0.016982
v 0.500000 2.000000 -0.018536
v -0.500000 1.750000 -0.020194
v -0.486111 1.750000 -0.020786
v -0.472222 1.750000 -0.018440
v -0.458333 1.750000 -0.012392
v -0.444444 1.750000 -0.003800
v -0.430556 1.750000 0.004524
v -0.416667 1.750000 0.009461
v -0.402778 1.750000 0.009193
v -0.388889 1.750000 0.004055
v -0.375000 1.750000 -0.003851
v -0.361111 1.750000 -0.011957
v -0.347222 1.750000 -0.018538
v -0.333333 1.750000 -0.023196
v -0.319444 1.750000 -0.026341
v -0.305556 1.750000 -0.028199
v -0.291667 1.750000 -0.028222
v -0.277778 1.750000 -0.025398
v -0.263889 1.750000 -0.019245
v -0.250000 1.750000 -0.010706
v -0.236111 1.750000 -0.002170
v -0.222222 1.750000 0.003548
v -0.208333 1.750000 0.004677
v -0.194444 1.750000 0.001454
v -0.180556 1.750000 -0.004076
v -0.166667 1.750000 -0.009321
v -0.152778 1.750000 -0.012613
v -0.138889 1.750000 -0.013949
v -0.125000 1.750000 -0.014548
v -0.111111 1.750000 -0.015611
v -0.097222 1.750000 -0.017211
v -0.083333 1.750000 -0.018133
v -0.069444 1.750000 -0.016777
v -0.055556 1.750000 -0.012467
v -0.041667 1.750000 -0.006228
v -0.027778 1.750000 -0.000431
v -0.013889 1.750000 0.002482
v 0.000000 1.750000 0.001342
v 0.013889 1.750000 -0.003200
v 0.027778 1.750000 -0.009261
v 0.041667 1.750000 -0.014951
v 0.055556 1.750000 -0.019369
v 0.069444 1.750000 -0.022682
v 0.083333 1.750000 -0.025354
v 0.097222 1.750000 -0.027183
v 0.111111 1.750000 -0.027007
v 0.125000 1.750000 -0.023382
v 0.138889 1.750000 -0.015819
v 0.152778 1.750000 -0.005654
v 0.166667 1.750000 0.004154
v 0.180556 1.750000 0.010336
v 0.194444 1.750000 0.010947
v 0.208333 1.750000 0.006332
v 0.222222 1.750000 -0.001209
v 0.236111 1.750000 -0.008788
v 0.250000 1.750000 -0.014442
v 0.263889 1.750000 -0.017845
v 0.277778 1.750000 -0.019847
v 0.291667 1.750000 -0.021333
v 0.305556 1.750000 -0.022286
v 0.319444 1.750000 -0.021765
v 0.333333 1.750000 -0.018786
v 0.347222 1.750000 -0.013397
v 0.361111 1.750000 -0.007099
v 0.375000 1.750000 -0.002218
v 0.388889 1.750000 -0.000613
v 0.402778 1.750000 -0.002598
v 0.416667 1.750000 -0.006825
v 0.430556 1.750000 -0.011218
v 0.444444 1.750000 -0.014282
v 0.458333 1.750000 -0.015882
v 0.472222 1.750000 -0.016962
v 0.486111 1.750000 -0.018449
v 0.500000 1.750000 -0.020194
v -0.500000 1.500000 -0.023287
v -0.486111 1.500000 -0.022523
v -0.472222 1.500000 -0.017335
v -0.458333 1.500000 -0.007845
v -0.444444 1.500000 0.003357
v -0.430556 1.500000 0.012274
v -0.416667 1.500000 0.015526
v -0.402778 1.500000 0.012062
v -0.388889 1.500000 0.003513
v -0.375000 1.500000 -0.006956
v -0.361111 1.500000 -0.016444
v -0.347222 1.500000 -0.023576
v -0.333333 1.500000 -0.028475
v -0.319444 1.500000 -0.031695
v -0.305556 1.500000 -0.033089
v -0.291667 1.500000 -0.031571
v -0.277778 1.500000 -0.026002
v -0.263889 1.500000 -0.016535
v -0.250000 1.500000 -0.005306
v -0.236111 1.500000 0.004191
v -0.222222 1.500000 0.008806
v -0.208333 1.500000 0.007431
v -0.194444 1.500000 0.001575
v -0.180556 1.500000 -0.005610
v -0.166667 1.500000 -0.011203
v -0.152778 1.500000 -0.014067
v -0.138889 1.500000 -0.015083
v -0.125000 1.500000 -0.015991
v -0.111111 1.500000 -0.017754
v -0.097222 1.500000 -0.019629
v -0.083333 1.500000 -0.019650
v -0.069444 1.500000 -0.016157
v -0.055556 1.500000 -0.009272
v -0.041667 1.500000 -0.001237
v -0.027778 1.500000 0.004677
v -0.013889 1.500000 0.005977
v 0.000000 1.500000 0.002278
v 0.013889 1.500000 -0.004697
v 0.027778 1.500000 -0.012366
v 0.041667 1.500000 -0.018836
v 0.055556 1.500000 -0.023673
v 0.069444 1.500000 -0.027428
v 0.083333 1.500000 -0.030409
v 0.097222 1.500000 -0.031759
v 0.111111 1.500000 -0.029668
v 0.125000 1.500000 -0.022690
v 0.138889 1.500000 -0.011229
v 0.152778 1.500000 0.001928
v 0.166667 1.500000 0.012601
v 0.180556 1.500000 0.017218
v 0.194444 1.500000 0.014636
v 0.208333 1.500000 0.006606
v 0.222222 1.500000 -0.003355
v 0.236111 1.500000 -0.011959
v 0.250000 1.500000 -0.017685
v 0.263889 1.500000 -0.020971
v 0.277778 1.500000 -0.023104
v 0.291667 1.500000 -0.024750
v 0.305556 1.500000 -0.025259
v 0.319444 1.500000 -0.023236
v 0.333333 1.500000 -0.017914
v 0.347222 1.500000 -0.010237
v 0.361111 1.500000 -0.002762
v 0.375000 1.500000 0.001637
v 0.388889 1.500000 0.001428
v 0.402778 1.500000 -0.002723
v 0.416667 1.500000 -0.008476
v 0.430556 1.500000 -0.013367
v 0.444444 1.500000 -0.016274
v 0.458333 1.500000 -0.017799
v 0.472222 1.500000 -0.019319
v 0.486111 1.500000 -0.021483
v 0.500000 1.500000 -0.023287
v -0.500000 1.250000 -0.027053
v -0.486111 1.250000 -0.023753
v -0.472222 1.250000 -0.014399
v -0.458333 1.250000 -0.000584
v -0.444444 1.250000 0.013273
v -0.430556 1.250000 0.022012
v -0.416667 1.250000 0.022381
v -0.402778 1.250000 0.014604
v -0.388889 1.250000 0.001925
v -0.375000 1.250000 -0.011432
v -0.361111 1.250000 -0.022464
v -0.347222 1.250000 -0.030339
v -0.333333 1.250000 -0.035670
v -0.319444 1.250000 -0.038913
v -0.305556 1.250000 -0.039291
v -0.291667 1.250000 -0.035163
v -0.277778 1.250000 -0.025587
v -0.263889 1.250000 -0.011863
v -0.250000 1.250000 0.002276
v -0.236111 1.250000 0.012196
v -0.222222 1.250000 0.014760
v -0.208333 1.250000 0.010041
v -0.194444 1.250000 0.001172
v -0.180556 1.250000 -0.007586
v -0.166667 1.250000 -0.013295
v -0.152778 1.250000 -0.015703
v -0.138889 1.250000 -0.016694
v -0.125000 1.250000 -0.018320
v -0.111111 1.250000 -0.020909
v -0.097222 1.250000 -0.022632
v -0.083333 1.250000 -0.020838
v -0.069444 1.250000 -0.014214
v -0.055556 1.250000 -0.004172
v -0.041667 1.250000 0.005543
v -0.027778 1.250000 0.010851
v -0.013889 1.250000 0.009593
v 0.000000 1.250000 0.002571
v 0.013889 1.250000 -0.007243
v 0.027778 1.250000 -0.016684
v 0.041667 1.250000 -0.024097
v 0.055556 1.250000 -0.029637
v 0.069444 1.250000 -0.034084
v 0.083333 1.250000 -0.037255
v 0.097222 1.250000 -0.037371
v 0.111111 1.250000 -0.032036
v 0.125000 1.250000 -0.020229
v 0.138889 1.250000 -0.003845
v 0.152778 1.250000 0.012461
v 0.166667 1.250000 0.023278
v 0.180556 1.250000 0.025143
v 0.194444 1.250000 0.018263
v 0.208333 1.250000 0.006183
v 0.222222 1.250000 -0.006358
v 0.236111 1.250000 -0.015943
v 0.250000 1.250000 -0.021794
v 0.263889 1.250000 -0.025199
v 0.277778 1.250000 -0.027677
v 0.291667 1.250000 -0.029360
v 0.305556 1.250000 -0.028808
v 0.319444 1.250000 -0.024341
v 0.333333 1.250000 -0.015831
v 0.347222 1.250000 -0.005530
v 0.361111 1.250000 0.002805
v 0.375000 1.250000 0.005981
v 0.388889 1.250000 0.003218
v 0.402778 1.250000 -0.003490
v 0.416667 1.250000 -0.010769
v 0.430556 1.250000 -0.016016
v 0.444444 1.250000 -0.018800
v 0.458333 1.250000 -0.020563
v 0.472222 1.250000 -0.022906
v 0.486111 1.250000 -0.025787
v 0.500000 1.250000 -0.027053
v -0.500000 1.000000 -0.030494
v -0.486111 1.000000 -0.023455
v -0.472222 1.000000 -0.009053
v -0.458333 1.000000 0.009162
v -0.444444 1.000000 0.024867
v -0.430556 1.000000 0.032115
v -0.416667 1.000000 0.028379
v -0.402778 1.000000 0.015599
v -0.388889 1.000000 -0.001304
v -0.375000 1.000000 -0.017319
v -0.361111 1.000000 -0.029688
v -0.347222 1.000000 -0.038262
v -0.333333 1.000000 -0.043979
v -0.319444 1.000000 -0.046892
v -0.305556 1.000000 -0.045447
v -0.291667 1.000000 -0.037639
v -0.277778 1.000000 -0.023194
v -0.263889 1.000000 -0.005018
v -0.250000 1.000000 0.011423
v -0.236111 1.000000 0.020657
v -0.222222 1.000000 0.020130
v -0.208333 1.000000 0.011570
v -0.194444 1.000000 -0.000159
v -0.180556 1.000000 -0.009996
v -0.166667 1.000000 -0.015452
v -0.152778 1.000000 -0.017449
v -0.138889 1.000000 -0.018777
v -0.125000 1.000000 -0.021403
v -0.111111 1.000000 -0.024634
v -0.097222 1.000000 -0.025474
v -0.083333 1.000000 -0.020914
v -0.069444 1.000000 -0.010512
v -0.055556 1.000000 0.002634
v -0.041667 1.000000 0.013286
v -0.027778 1.000000 0.016937
v -0.013889 1.000000 0.012264
v 0.000000 1.000000 0.001554
v 0.013889 1.000000 -0.011036
v 0.027778 1.000000 -0.022065
v 0.041667 1.000000 -0.030393
v 0.055556 1.000000 -0.036761
v 0.069444 1.000000 -0.041892
v 0.083333 1.000000 -0.044771
v 0.097222 1.000000 -0.042613
v 0.111111 1.000000 -0.032751
v 0.125000 1.000000 -0.015163
v 0.138889 1.000000 0.006267
v 0.152778 1.000000 0.024917
v 0.166667 1.000000 0.034527
v 0.180556 1.000000 0.032368
v 0.194444 1.000000 0.020511
v 0.208333 1.000000 0.004387
v 0.222222 1.000000 -0.010334
v 0.236111 1.000000 -0.020550
v 0.250000 1.000000 -0.026483
v 0.263889 1.000000 -0.030166
v 0.277778 1.000000 -0.033012
v 0.291667 1.000000 -0.034340
v 0.305556 1.000000 -0.031947
v 0.319444 1.000000 -0.024228
v 0.333333 1.000000 -0.012156
v 0.347222 1.000000 0.000464
v 0.361111 1.000000 0.008832
v 0.375000 1.000000 0.009885
v 0.388889 1.000000 0.004055
v 0.402778 1.000000 -0.005181
v 0.416667 1.000000 -0.013634
v 0.430556 1.000000 -0.018964
v 0.444444 1.000000 -0.021697
v 0.458333 1.000000 -0.024034
v 0.472222 1.000000 -0.027409
v 0.486111 1.000000 -0.030695
v 0.500000 1.000000 -0.030494
v -0.500000 0.750000 -0.032869
v -0.486111 0.750000 -0.021430
v -0.472222 0.750000 -0.001933
v -0.458333 0.750000 0.019980
v -0.444444 0.750000 0.036366
v -0.430556 0.750000 0.041025
v -0.416667 0.750000 0.032614
v -0.402778 0.750000 0.014918
v -0.388889 0.750000 -0.005700
v -0.375000 0.750000 -0.023837
v -0.361111 0.750000 -0.037233
v -0.347222 0.750000 -0.046385
v -0.333333 0.750000 -0.052310
v -0.319444 0.750000 -0.054451
v -0.305556 0.750000 -0.050515
v -0.291667 0.750000 -0.038454
v -0.277778 0.750000 -0.019051
v -0.263889 0.750000 0.003008
v -0.250000 0.750000 0.020725
v -0.236111 0.750000 0.028268
v -0.222222 0.750000 0.024135
v -0.208333 0.750000 0.011887
v -0.194444 0.750000 -0.002112
v -0.180556 0.750000 -0.012443
v -0.166667 0.750000 -0.017433
v -0.152778 0.750000 -0.019210
v -0.138889 0.750000 -0.021176
v -0.125000 0.750000 -0.024829
v -0.111111 0.750000 -0.028281
v -0.097222 0.750000 -0.027548
v -0.083333 0.750000 -0.019690
v -0.069444 0.750000 -0.005520
v -0.055556 0.750000 0.010111
v -0.041667 0.750000 0.020760
v -0.027778 0.750000 0.021966
v -0.013889 0.750000 0.013581
v 0.000000 0.750000 -0.000610
v 0.013889 0.750000 -0.015544
v 0.027778 0.750000 -0.027837
v 0.041667 0.750000 -0.036996
v 0.055556 0.750000 -0.044188
v 0.069444 0.750000 -0.049783
v 0.083333 0.750000 -0.051768
v 0.097222 0.750000 -0.046501
v 0.111111 0.750000 -0.031466
v 0.125000 0.750000 -0.008077
v 0.138889 0.750000 0.017654
v 0.152778 0.750000 0.037411
v 0.166667 0.750000 0.044636
v 0.180556 0.750000 0.037841
v 0.194444 0.750000 0.021119
v 0.208333 0.750000 0.001556
v 0.222222 0.750000 -0.014706
v 0.236111 0.750000 -0.025224
v 0.250000 0.750000 -0.031246
v 0.263889 0.750000 -0.035294
v 0.277778 0.750000 -0.038365
v 0.291667 0.750000 -0.038871
v 0.305556 0.750000 -0.034066
v 0.319444 0.750000 -0.022799
v 0.333333 0.750000 -0.007413
v 0.347222 0.750000 0.006793
v 0.361111 0.750000 0.014342
v 0.375000 0.750000 0.012743
v 0.388889 0.750000 0.003860
v 0.402778 0.750000 -0.007479
v 0.416667 0.750000 -0.016636
v 0.430556 0.750000 -0.021870
v 0.444444 0.750000 -0.024715
v 0.458333 0.750000 -0.027862
v 0.472222 0.750000 -0.032210
v 0.486111 0.750000 -0.035365
v 0.500000 0.750000 -0.032869
v -0.500000 0.500000 -0.034048
v -0.486111 0.500000 -0.018435
v -0.472222 0.500000 0.005365
v -0.458333 0.500000 0.029890
v -0.444444 0.500000 0.046053
v -0.430556 0.500000 0.047807
v -0.416667 0.500000 0.035092
v -0.402778 0.500000 0.013295
v -0.388889 0.500000 -0.010181
v -0.375000 0.500000 -0.029844
v -0.361111 0.500000 -0.043981
v -0.347222 0.500000 -0.053570
v -0.333333 0.500000 -0.059515
v -0.319444 0.500000 -0.060624
v -0.305556 0.500000 -0.054059
v -0.291667 0.500000 -0.037985
v -0.277778 0.500000 -0.014343
v -0.263889 0.500000 0.010590
v -0.250000 0.500000 0.028689
v -0.236111 0.500000 0.034160
v -0.222222 0.500000 0.026690
v -0.208333 0.500000 0.011458
v -0.194444 0.500000 -0.004081
v -0.180556 0.500000 -0.014511
v -0.166667 0.500000 -0.019051
v -0.152778 0.500000 -0.020822
v -0.138889 0.500000 -0.023517
v -0.125000 0.500000 -0.027991
v -0.111111 0.500000 -0.031268
v -0.097222 0.500000 -0.028696
v -0.083333 0.500000 -0.017700
v -0.069444 0.500000 -0.000394
v -0.055556 0.500000 0.016880
v -0.041667 0.500000 0.026891
v -0.027778 0.500000 0.025527
v -0.013889 0.500000 0.013830
v 0.000000 0.500000 -0.003175
v 0.013889 0.500000 -0.019858
v 0.027778 0.500000 -0.033088
v 0.041667 0.500000 -0.042955
v 0.055556 0.500000 -0.050842
v 0.069444 0.500000 -0.056617
v 0.083333 0.500000 -0.057345
v 0.097222 0.500000 -0.048811
v 0.111111 0.500000 -0.028941
v 0.125000 0.500000 -0.000652
v 0.138889 0.500000 0.028181
v 0.152778 0.500000 0.048037
v 0.166667 0.500000 0.052484
v 0.180556 0.500000 0.041401
v 0.194444 0.500000 0.020661
v 0.208333 0.500000 -0.001446
v 0.222222 0.500000 -0.018668
v 0.236111 0.500000 -0.029313
v 0.250000 0.500000 -0.035467
v 0.263889 0.500000 -0.039866
v 0.277778 0.500000 -0.042966
v 0.291667 0.500000 -0.042393
v 0.305556 0.500000 -0.035130
v 0.319444 0.500000 -0.020679
v 0.333333 0.500000 -0.002695
v 0.347222 0.500000 0.012338
v 0.361111 0.500000 0.018639
v 0.375000 0.500000 0.014487
v 0.388889 0.500000 0.003068
v 0.402778 0.500000 -0.009770
v 0.416667 0.500000 -0.019269
v 0.430556 0.500000 -0.024383
v 0.444444 0.500000 -0.027481
v 0.458333 0.500000 -0.031459
v 0.472222 0.500000 -0.036516
v 0.486111 0.500000 -0.039107
v 0.500000 0.500000 -0.034048
v -0.500000 0.250000 -0.034439
v -0.486111 0.250000 -0.015798
v -0.472222 0.250000 0.010899
v -0.458333 0.250000 0.036953
v -0.444444 0.250000 0.052616
v -0.430556 0.250000 0.052105
v -0.416667 0.250000 0.036335
v -0.402778 0.250000 0.011783
v -0.388889 0.250000 -0.013532
v -0.375000 0.250000 -0.034155
v -0.361111 0.250000 -0.048781
v -0.347222 0.250000 -0.058659
v -0.333333 0.250000 -0.064534
v -0.319444 0.250000 -0.064746
v -0.305556 0.250000 -0.056142
v -0.291667 0.250000 -0.037155
v -0.277778 0.250000 -0.010625
v -0.263889 0.250000 0.016065
v -0.250000 0.250000 0.034123
v -0.236111 0.250000 0.037931
v -0.222222 0.250000 0.028103
v -0.208333 0.250000 0.010926
v -0.194444 0.250000 -0.005501
v -0.180556 0.250000 -0.015894
v -0.166667 0.250000 -0.020146
v -0.152778 0.250000 -0.022016
v -0.138889 0.250000 -0.025283
v -0.125000 0.250000 -0.030263
v -0.111111 0.250000 -0.033229
v -0.097222 0.250000 -0.029173
v -0.083333 0.250000 -0.015905
v -0.069444 0.250000 0.003485
v -0.055556 0.250000 0.021657
v -0.041667 0.250000 0.030959
v -0.027778 0.250000 0.027649
v -0.013889 0.250000 0.013649
v 0.000000 0.250000 -0.005211
v 0.013889 0.250000 -0.023008
v 0.027778 0.250000 -0.036854
v 0.041667 0.250000 -0.047232
v 0.055556 0.250000 -0.055593
v 0.069444 0.250000 -0.061370
v 0.083333 0.250000 -0.060986
v 0.097222 0.250000 -0.049927
v 0.111111 0.250000 -0.026571
v 0.125000 0.250000 0.005027
v 0.138889 0.250000 0.035719
v 0.152778 0.250000 0.055279
v 0.166667 0.250000 0.057533
v 0.180556 0.250000 0.043409
v 0.194444 0.250000 0.019995
v 0.208333 0.250000 -0.003695
v 0.222222 0.250000 -0.021460
v 0.236111 0.250000 -0.032181
v 0.250000 0.250000 -0.038473
v 0.263889 0.250000 -0.043125
v 0.277778 0.250000 -0.046147
v 0.291667 0.250000 -0.044647
v 0.305556 0.250000 -0.035522
v 0.319444 0.250000 -0.018842
v 0.333333 0.250000 0.000797
v 0.347222 0.250000 0.016160
v 0.361111 0.250000 0.021386
v 0.375000 0.250000 0.015392
v 0.388889 0.250000 0.002291
v 0.402778 0.250000 -0.011446
v 0.416667 0.250000 -0.021094
v 0.430556 0.250000 -0.026147
v 0.444444 0.250000 -0.029510
v 0.458333 0.250000 -0.034109
v 0.472222 0.250000 -0.039564
v 0.486111 0.250000 -0.041533
v 0.500000 0.250000 -0.034439
v -0.500000 0.000000 -0.034527
v -0.486111 0.000000 -0.014753
v -0.472222 0.000000 0.013001
v -0.458333 0.000000 0.039586
v -0.444444 0.000000 0.055027
v -0.430556 0.000000 0.053658
v -0.416667 0.000000 0.036759
v -0.402778 0.000000 0.011202
v -0.388889 0.000000 -0.014782
v -0.375000 0.000000 -0.035764
v -0.361111 0.000000 -0.050580
v -0.347222 0.000000 -0.060573
v -0.333333 0.000000 -0.066413
v -0.319444 0.000000 -0.066267
v -0.305556 0.000000 -0.056878
v -0.291667 0.000000 -0.036797
v -0.277778 0.000000 -0.009208
v -0.263889 0.000000 0.018104
v -0.250000 0.000000 0.036116
v -0.236111 0.000000 0.039292
v -0.222222 0.000000 0.028599
v -0.208333 0.000000 0.010725
v -0.194444 0.000000 -0.006011
v -0.180556 0.000000 -0.016388
v -0.166667 0.000000 -0.020550
v -0.152778 0.000000 -0.022477
v -0.138889 0.000000 -0.025964
v -0.125000 0.000000 -0.031117
v -0.111111 0.000000 -0.033939
v -0.097222 0.000000 -0.029306
v -0.083333 0.000000 -0.015189
v -0.069444 0.000000 0.004955
v -0.055556 0.000000 0.023428
v -0.041667 0.000000 0.032440
v -0.027778 0.000000 0.028399
v -0.013889 0.000000 0.013553
v 0.000000 0.000000 -0.005981
v 0.013889 0.000000 -0.024185
v 0.027778 0.000000 -0.038267
v 0.041667 0.000000 -0.048847
v 0.055556 0.000000 -0.057385
v 0.069444 0.000000 -0.063145
v 0.083333 0.000000 -0.062315
v 0.097222 0.000000 -0.050286
v 0.111111 0.000000 -0.025625
v 0.125000 0.000000 0.007183
v 0.138889 0.000000 0.038528
v 0.152778 0.000000 0.057942
v 0.166667 0.000000 0.059365
v 0.180556 0.000000 0.044120
v 0.194444 0.000000 0.019737
v 0.208333 0.000000 -0.004521
v 0.222222 0.000000 -0.022486
v 0.236111 0.000000 -0.033248
v 0.250000 0.000000 -0.039608
v 0.263889 0.000000 -0.044355
v 0.277778 0.000000 -0.047333
v 0.291667 0.000000 -0.045463
v 0.305556 0.000000 -0.035631
v 0.319444 0.000000 -0.018125
v 0.333333 0.000000 0.002105
v 0.347222 0.000000 0.017561
v 0.361111 0.000000 0.022372
v 0.375000 0.000000 0.015697
v 0.388889 0.000000 0.001991
v 0.402778 0.000000 -0.012063
v 0.416667 0.000000 -0.021763
v 0.430556 0.000000 -0.026808
v 0.444444 0.000000 -0.030287
v 0.458333 0.000000 -0.035121
v 0.472222 0.000000 -0.040705
v 0.486111 0.000000 -0.042409
v 0.500000 0.000000 -0.034527
v -0.500000 -0.250000 -0.035187
v -0.486111 -0.250000 -0.015952
v -0.472222 -0.250000 0.011598
v -0.458333 -0.250000 0.038484
v -0.444444 -0.250000 0.054647
v -0.430556 -0.250000 0.054120
v -0.416667 -0.250000 0.037846
v -0.402778 -0.250000 0.012510
v -0.388889 -0.250000 -0.013612
v -0.375000 -0.250000 -0.034895
v -0.361111 -0.250000 -0.049987
v -0.347222 -0.250000 -0.060181
v -0.333333 -0.250000 -0.066244
v -0.319444 -0.250000 -0.066462
v -0.305556 -0.250000 -0.057583
v -0.291667 -0.250000 -0.037990
v -0.277778 -0.250000 -0.010613
v -0.263889 -0.250000 0.016929
v -0.250000 -0.250000 0.035564
v -0.236111 -0.250000 0.039493
v -0.222222 -0.250000 0.029351
v -0.208333 -0.250000 0.011626
v -0.194444 -0.250000 -0.005326
v -0.180556 -0.250000 -0.016050
v -0.166667 -0.250000 -0.020438
v -0.152778 -0.250000 -0.022368
v -0.138889 -0.250000 -0.025739
v -0.125000 -0.250000 -0.030878
v -0.111111 -0.250000 -0.033939
v -0.097222 -0.250000 -0.029753
v -0.083333 -0.250000 -0.016062
v -0.069444 -0.250000 0.003947
v -0.055556 -0.250000 0.022700
v -0.041667 -0.250000 0.032298
v -0.027778 -0.250000 0.028883
v -0.013889 -0.250000 0.014436
v 0.000000 -0.250000 -0.005026
v 0.013889 -0.250000 -0.023391
v 0.027778 -0.250000 -0.037680
v 0.041667 -0.250000 -0.048389
v 0.055556 -0.250000 -0.057016
v 0.069444 -0.250000 -0.062978
v 0.083333 -0.250000 -0.062582
v 0.097222 -0.250000 -0.051169
v 0.111111 -0.250000 -0.027068
v 0.125000 -0.250000 0.005538
v 0.138889 -0.250000 0.037210
v 0.152778 -0.250000 0.057395
v 0.166667 -0.250000 0.059721
v 0.180556 -0.250000 0.045146
v 0.194444 -0.250000 0.020984
v 0.208333 -0.250000 -0.003462
v 0.222222 -0.250000 -0.021794
v 0.236111 -0.250000 -0.032857
v 0.250000 -0.250000 -0.039350
v 0.263889 -0.250000 -0.044150
v 0.277778 -0.250000 -0.047269
v 0.291667 -0.250000 -0.045721
v 0.305556 -0.250000 -0.036305
v 0.319444 -0.250000 -0.019092
v 0.333333 -0.250000 0.001174
v 0.347222 -0.250000 0.017027
v 0.361111 -0.250000 0.022420
v 0.375000 -0.250000 0.016234
v 0.388889 -0.250000 0.002715
v 0.402778 -0.250000 -0.011461
v 0.416667 -0.250000 -0.021416
v 0.430556 -0.250000 -0.026631
v 0.444444 -0.250000 -0.030101
v 0.458333 -0.250000 -0.034847
v 0.472222 -0.250000 -0.040476
v 0.486111 -0.250000 -0.042507
v 0.500000 -0.250000 -0.035187
v -0.500000 -0.500000 -0.036969
v -0.486111 -0.500000 -0.019378
v -0.472222 -0.500000 0.007439
v -0.458333 -0.500000 0.035073
v -0.444444 -0.500000 0.053285
v -0.430556 -0.500000 0.055262
v -0.416667 -0.500000 0.040934
v -0.402778 -0.500000 0.016374
v -0.388889 -0.500000 -0.010077
v -0.375000 -0.500000 -0.032233
v -0.361111 -0.500000 -0.048162
v -0.347222 -0.500000 -0.058966
v -0.333333 -0.500000 -0.065665
v -0.319444 -0.500000 -0.066914
v -0.305556 -0.500000 -0.059517
v -0.291667 -0.500000 -0.041406
v -0.277778 -0.500000 -0.014766
v -0.263889 -0.500000 0.013327
v -0.250000 -0.500000 0.033720
v -0.236111 -0.500000 0.039884
v -0.222222 -0.500000 0.031468
v -0.208333 -0.500000 0.014305
v -0.194444 -0.500000 -0.003204
v -0.180556 -0.500000 -0.014956
v -0.166667 -0.500000 -0.020072
v -0.152778 -0.500000 -0.022067
v -0.138889 -0.500000 -0.025103
v -0.125000 -0.500000 -0.030145
v -0.111111 -0.500000 -0.033837
v -0.097222 -0.500000 -0.030940
v -0.083333 -0.500000 -0.018550
v -0.069444 -0.500000 0.000950
v -0.055556 -0.500000 0.020414
v -0.041667 -0.500000 0.031694
v -0.027778 -0.500000 0.030157
v -0.013889 -0.500000 0.016978
v 0.000000 -0.500000 -0.002183
v 0.013889 -0.500000 -0.020981
v 0.027778 -0.500000 -0.035888
v 0.041667 -0.500000 -0.047005
v 0.055556 -0.500000 -0.055893
v 0.069444 -0.500000 -0.062400
v 0.083333 -0.500000 -0.063220
v 0.097222 -0.500000 -0.053604
v 0.111111 -0.500000 -0.031216
v 0.125000 -0.500000 0.000660
v 0.138889 -0.500000 0.033148
v 0.152778 -0.500000 0.055520
v 0.166667 -0.500000 0.060531
v 0.180556 -0.500000 0.048044
v 0.194444 -0.500000 0.024674
v 0.208333 -0.500000 -0.000235
v 0.222222 -0.500000 -0.019640
v 0.236111 -0.500000 -0.031635
v 0.250000 -0.500000 -0.038568
v 0.263889 -0.500000 -0.043526
v 0.277778 -0.500000 -0.047019
v 0.291667 -0.500000 -0.046373
v 0.305556 -0.500000 -0.038188
v 0.319444 -0.500000 -0.021906
v 0.333333 -0.500000 -0.001643
v 0.347222 -0.500000 0.015296
v 0.361111 -0.500000 0.022396
v 0.375000 -0.500000 0.017718
v 0.388889 -0.500000 0.004851
v 0.402778 -0.500000 -0.009614
v 0.416667 -0.500000 -0.020317
v 0.430556 -0.500000 -0.026079
v 0.444444 -0.500000 -0.029570
v 0.458333 -0.500000 -0.034053
v 0.472222 -0.500000 -0.039751
v 0.486111 -0.500000 -0.042670
v 0.500000 -0.500000 -0.036969
v -0.500000 -0.750000 -0.039321
v -0.486111 -0.750000 -0.024507
v -0.472222 -0.750000 0.000742
v -0.458333 -0.750000 0.029120
v -0.444444 -0.750000 0.050339
v -0.430556 -0.750000 0.056373
v -0.416667 -0.750000 0.045481
v -0.402778 -0.750000 0.022564
v -0.388889 -0.750000 -0.004137
v -0.375000 -0.750000 -0.027625
v -0.361111 -0.750000 -0.044972
v -0.347222 -0.750000 -0.056824
v -0.333333 -0.750000 -0.064497
v -0.319444 -0.750000 -0.067270
v -0.305556 -0.750000 -0.062173
v -0.291667 -0.750000 -0.046554
v -0.277778 -0.750000 -0.021427
v -0.263889 -0.750000 0.007141
v -0.250000 -0.750000 0.030085
v -0.236111 -0.750000 0.039852
v -0.222222 -0.750000 0.034501
v -0.208333 -0.750000 0.018639
v -0.194444 -0.750000 0.000510
v -0.180556 -0.750000 -0.012869
v -0.166667 -0.750000 -0.019331
v -0.152778 -0.750000 -0.021632
v -0.138889 -0.750000 -0.024178
v -0.125000 -0.750000 -0.028909
v -0.111111 -0.750000 -0.033380
v -0.097222 -0.750000 -0.032430
v -0.083333 -0.750000 -0.022253
v -0.069444 -0.750000 -0.003903
v -0.055556 -0.750000 0.016339
v -0.041667 -0.750000 0.030130
v -0.027778 -0.750000 0.031692
v -0.013889 -0.750000 0.020833
v 0.000000 -0.750000 0.002455
v 0.013889 -0.750000 -0.016884
v 0.027778 -0.750000 -0.032805
v 0.041667 -0.750000 -0.044665
v 0.055556 -0.750000 -0.053979
v 0.069444 -0.750000 -0.061224
v 0.083333 -0.750000 -0.063795
v 0.097222 -0.750000 -0.056975
v 0.111111 -0.750000 -0.037504
v 0.125000 -0.750000 -0.007214
v 0.138889 -0.750000 0.026107
v 0.152778 -0.750000 0.051694
v 0.166667 -0.750000 0.061049
v 0.180556 -0.750000 0.052250
v 0.194444 -0.750000 0.030595
v 0.208333 -0.750000 0.005260
v 0.222222 -0.750000 -0.015799
v 0.236111 -0.750000 -0.029421
v 0.250000 -0.750000 -0.037219
v 0.263889 -0.750000 -0.042461
v 0.277778 -0.750000 -0.046439
v 0.291667 -0.750000 -0.047094
v 0.305556 -0.750000 -0.040871
v 0.319444 -0.750000 -0.026280
v 0.333333 -0.750000 -0.006355
v 0.347222 -0.750000 0.012043
v 0.361111 -0.750000 0.021819
v 0.375000 -0.750000 0.019748
v 0.388889 -0.750000 0.008244
v 0.402778 -0.750000 -0.006440
v 0.416667 -0.750000 -0.018299
v 0.430556 -0.750000 -0.025077
v 0.444444 -0.750000 -0.028761
v 0.458333 -0.750000 -0.032836
v 0.472222 -0.750000 -0.038467
v 0.486111 -0.750000 -0.042553
v 0.500000 -0.750000 -0.039321
v -0.500000 -1.000000 -0.041460
v -0.486111 -1.000000 -0.030461
v -0.472222 -1.000000 -0.007958
v -0.458333 -1.000000 0.020504
v -0.444444 -1.000000 0.045043
v -0.430556 -1.000000 0.056367
v -0.416667 -1.000000 0.050529
v -0.402778 -1.000000 0.030560
v -0.388889 -1.000000 0.004151
v -0.375000 -1.000000 -0.020873
v -0.361111 -1.000000 -0.040200
v -0.347222 -1.000000 -0.053597
v -0.333333 -1.000000 -0.062529
v -0.319444 -1.000000 -0.067082
v -0.305556 -1.000000 -0.064824
v -0.291667 -1.000000 -0.052623
v -0.277778 -1.000000 -0.030053
v -0.263889 -1.000000 -0.001654
v -0.250000 -1.000000 0.024036
v -0.236111 -1.000000 0.038464
v -0.222222 -1.000000 0.037640
v -0.208333 -1.000000 0.024266
v -0.194444 -1.000000 0.005938
v -0.180556 -1.000000 -0.009431
v -0.166667 -1.000000 -0.017956
v -0.152778 -1.000000 -0.021077
v -0.138889 -1.000000 -0.023152
v -0.125000 -1.000000 -0.027255
v -0.111111 -1.000000 -0.032304
v -0.097222 -1.000000 -0.033615
v -0.083333 -1.000000 -0.026490
v -0.069444 -1.000000 -0.010238
v -0.055556 -1.000000 0.010303
v -0.041667 -1.000000 0.026946
v -0.027778 -1.000000 0.032652
v -0.013889 -1.000000 0.025350
v 0.000000 -1.000000 0.008616
v 0.013889 -1.000000 -0.011056
v 0.027778 -1.000000 -0.028289
v 0.041667 -1.000000 -0.041302
v 0.055556 -1.000000 -0.051251
v 0.069444 -1.000000 -0.059268
v 0.083333 -1.000000 -0.063767
v 0.097222 -1.000000 -0.060396
v 0.111111 -1.000000 -0.044986
v 0.125000 -1.000000 -0.017505
v 0.138889 -1.000000 0.015979
v 0.152778 -1.000000 0.045121
v 0.166667 -1.000000 0.060135
v 0.180556 -1.000000 0.056763
v 0.194444 -1.000000 0.038235
v 0.208333 -1.000000 0.013043
v 0.222222 -1.000000 -0.009959
v 0.236111 -1.000000 -0.025922
v 0.250000 -1.000000 -0.035192
v 0.263889 -1.000000 -0.040947
v 0.277778 -1.000000 -0.045394
v 0.291667 -1.000000 -0.047468
v 0.305556 -1.000000 -0.043730
v 0.319444 -1.000000 -0.031669
v 0.333333 -1.000000 -0.012806
v 0.347222 -1.000000 0.006912
v 0.361111 -1.000000 0.019987
v 0.375000 -1.000000 0.021633
v 0.388889 -1.000000 0.012524
v 0.402778 -1.000000 -0.001908
v 0.416667 -1.000000 -0.015116
v 0.430556 -1.000000 -0.023444
v 0.444444 -1.000000 -0.027715
v 0.458333 -1.000000 -0.031366
v 0.472222 -1.000000 -0.036639
v 0.486111 -1.000000 -0.041774
v 0.500000 -1.000000 -0.041460
v -0.500000 -1.250000 -0.042613
v -0.486111 -1.250000 -0.036113
v -0.472222 -1.250000 -0.017694
v -0.458333 -1.250000 0.009511
v -0.444444 -1.250000 0.036799
v -0.430556 -1.250000 0.054008
v -0.416667 -1.250000 0.054736
v -0.402778 -1.250000 0.039421
v -0.388889 -1.250000 0.014452
v -0.375000 -1.250000 -0.011852
v -0.361111 -1.250000 -0.033576
v -0.347222 -1.250000 -0.049084
v -0.333333 -1.250000 -0.059582
v -0.319444 -1.250000 -0.065967
v -0.305556 -1.250000 -0.066712
v -0.291667 -1.250000 -0.058582
v -0.277778 -1.250000 -0.039726
v -0.263889 -1.250000 -0.012699
v -0.250000 -1.250000 0.015144
v -0.236111 -1.250000 0.034678
v -0.222222 -1.250000 0.039728
v -0.208333 -1.250000 0.030434
v -0.194444 -1.250000 0.012969
v -0.180556 -1.250000 -0.004278
v -0.166667 -1.250000 -0.015519
v -0.152778 -1.250000 -0.020262
v -0.138889 -1.250000 -0.022213
v -0.125000 -1.250000 -0.025414
v -0.111111 -1.250000 -0.030514
v -0.097222 -1.250000 -0.033906
v -0.083333 -1.250000 -0.030374
v -0.069444 -1.250000 -0.017328
v -0.055556 -1.250000 0.002445
v -0.041667 -1.250000 0.021576
v -0.027778 -1.250000 0.032030
v -0.013889 -1.250000 0.029552
v 0.000000 -1.250000 0.015725
v 0.013889 -1.250000 -0.003602
v 0.027778 -1.250000 -0.022193
v 0.041667 -1.250000 -0.036791
v 0.055556 -1.250000 -0.047700
v 0.069444 -1.250000 -0.056458
v 0.083333 -1.250000 -0.062703
v 0.097222 -1.250000 -0.062930
v 0.111111 -1.250000 -0.052425
v 0.125000 -1.250000 -0.029173
v 0.138889 -1.250000 0.003091
v 0.152778 -1.250000 0.035201
v 0.166667 -1.250000 0.056501
v 0.180556 -1.250000 0.060173
v 0.194444 -1.250000 0.046626
v 0.208333 -1.250000 0.022837
v 0.222222 -1.250000 -0.001859
v 0.236111 -1.250000 -0.020733
v 0.250000 -1.250000 -0.032256
v 0.263889 -1.250000 -0.038962
v 0.277778 -1.250000 -0.043840
v 0.291667 -1.250000 -0.047155
v 0.305556 -1.250000 -0.046068
v 0.319444 -1.250000 -0.037272
v 0.333333 -1.250000 -0.020514
v 0.347222 -1.250000 -0.000229
v 0.361111 -1.250000 0.016186
v 0.375000 -1.250000 0.022439
v 0.388889 -1.250000 0.016999
v 0.402778 -1.250000 0.003789
v 0.416667 -1.250000 -0.010546
v 0.430556 -1.250000 -0.020878
v 0.444444 -1.250000 -0.026359
v 0.458333 -1.250000 -0.029831
v 0.472222 -1.250000 -0.034445
v 0.486111 -1.250000 -0.040120
v 0.500000 -1.250000 -0.042613
v -0.500000 -1.500000 -0.042305
v -0.486111 -1.500000 -0.040357
v -0.472222 -1.500000 -0.027141
v -0.458333 -1.500000 -0.002962
v -0.444444 -1.500000 0.025578
v -0.430556 -1.500000 0.048297
v -0.416667 -1.500000 0.056583
v -0.402778 -1.500000 0.047757
v -0.388889 -1.500000 0.025975
v -0.375000 -1.500000 -0.000696
v -0.361111 -1.500000 -0.024871
v -0.347222 -1.500000 -0.043042
v -0.333333 -1.500000 -0.055521
v -0.319444 -1.500000 -0.063725
v -0.305556 -1.500000 -0.067279
v -0.291667 -1.500000 -0.063411
v -0.277778 -1.500000 -0.049222
v -0.263889 -1.500000 -0.025101
v -0.250000 -1.500000 0.003507
v -0.236111 -1.500000 0.027703
v -0.222222 -1.500000 0.039460
v -0.208333 -1.500000 0.035959
v -0.194444 -1.500000 0.021039
v -0.180556 -1.500000 0.002733
v -0.166667 -1.500000 -0.011517
v -0.152778 -1.500000 -0.018814
v -0.138889 -1.500000 -0.021401
v -0.125000 -1.500000 -0.023717
v -0.111111 -1.500000 -0.028208
v -0.097222 -1.500000 -0.032985
v -0.083333 -1.500000 -0.033038
v -0.069444 -1.500000 -0.024139
v -0.055556 -1.500000 -0.006597
v -0.041667 -1.500000 0.013875
v -0.027778 -1.500000 0.028941
v -0.013889 -1.500000 0.032253
v 0.000000 -1.500000 0.022829
v 0.013889 -1.500000 0.005057
v 0.027778 -1.500000 -0.014481
v 0.041667 -1.500000 -0.030965
v 0.055556 -1.500000 -0.043288
v 0.069444 -1.500000 -0.052856
v 0.083333 -1.500000 -0.060451
v 0.097222 -1.500000 -0.063888
v 0.111111 -1.500000 -0.058562
v 0.125000 -1.500000 -0.040783
v 0.138889 -1.500000 -0.011585
v 0.152778 -1.500000 0.021938
v 0.166667 -1.500000 0.049129
v 0.180556 -1.500000 0.060894
v 0.194444 -1.500000 0.054314
v 0.208333 -1.500000 0.033857
v 0.222222 -1.500000 0.008477
v 0.236111 -1.500000 -0.013444
v 0.250000 -1.500000 -0.028032
v 0.263889 -1.500000 -0.036403
v 0.277778 -1.500000 -0.041838
v 0.291667 -1.500000 -0.046033
v 0.305556 -1.500000 -0.047329
v 0.319444 -1.500000 -0.042174
v 0.333333 -1.500000 -0.028616
v 0.347222 -1.500000 -0.009055
v 0.361111 -1.500000 0.009989
v 0.375000 -1.500000 0.021197
v 0.388889 -1.500000 0.020664
v 0.402778 -1.500000 0.010089
v 0.416667 -1.500000 -0.004570
v 0.430556 -1.500000 -0.017030
v 0.444444 -1.500000 -0.024438
v 0.458333 -1.500000 -0.028321
v 0.472222 -1.500000 -0.032196
v 0.486111 -1.500000 -0.037707
v 0.500000 -1.500000 -0.042305
v -0.500000 -1.750000 -0.040568
v -0.486111 -1.750000 -0.042471
v -0.472222 -1.750000 -0.034928
v -0.458333 -1.750000 -0.015478
v -0.444444 -1.750000 0.012156
v -0.430556 -1.750000 0.038925
v -0.416667 -1.750000 0.054803
v -0.402778 -1.750000 0.053941
v -0.388889 -1.750000 0.037417
v -0.375000 -1.750000 0.011990
v -0.361111 -1.750000 -0.014079
v -0.347222 -1.750000 -0.035242
v -0.333333 -1.750000 -0.050224
v -0.319444 -1.750000 -0.060338
v -0.305556 -1.750000 -0.066312
v -0.291667 -1.750000 -0.066387
v -0.277778 -1.750000 -0.057306
v -0.263889 -1.750000 -0.037518
v -0.250000 -1.750000 -0.010055
v -0.236111 -1.750000 0.017399
v -0.222222 -1.750000 0.035787
v -0.208333 -1.750000 0.039417
v -0.194444 -1.750000 0.029054
v -0.180556 -1.750000 0.011267
v -0.166667 -1.750000 -0.005600
v -0.152778 -1.750000 -0.016186
v -0.138889 -1.750000 -0.020483
v -0.125000 -1.750000 -0.022411
v -0.111111 -1.750000 -0.025828
v -0.097222 -1.750000 -0.030974
v -0.083333 -1.750000 -0.033941
v -0.069444 -1.750000 -0.029579
v -0.055556 -1.750000 -0.015717
v -0.041667 -1.750000 0.004348
v -0.027778 -1.750000 0.022992
v -0.013889 -1.750000 0.032358
v 0.000000 -1.750000 0.028694
v 0.013889 -1.750000 0.014086
v 0.027778 -1.750000 -0.005406
v 0.041667 -1.750000 -0.023708
v 0.055556 -1.750000 -0.037914
v 0.069444 -1.750000 -0.048572
v 0.083333 -1.750000 -0.057164
v 0.097222 -1.750000 -0.063046
v 0.111111 -1.750000 -0.062479
v 0.125000 -1.750000 -0.050822
v 0.138889 -1.750000 -0.026497
v 0.152778 -1.750000 0.006192
v 0.166667 -1.750000 0.037738
v 0.180556 -1.750000 0.057618
v 0.194444 -1.750000 0.059585
v 0.208333 -1.750000 0.044741
v 0.222222 -1.750000 0.020488
v 0.236111 -1.750000 -0.003885
v 0.250000 -1.750000 -0.022071
v 0.263889 -1.750000 -0.033014
v 0.277778 -1.750000 -0.039453
v 0.291667 -1.750000 -0.044232
v 0.305556 -1.750000 -0.047296
v 0.319444 -1.750000 -0.045621
v 0.333333 -1.750000 -0.036040
v 0.347222 -1.750000 -0.018709
v 0.361111 -1.750000 0.001545
v 0.375000 -1.750000 0.017242
v 0.388889 -1.750000 0.022404
v 0.402778 -1.750000 0.016023
v 0.416667 -1.750000 0.002428
v 0.430556 -1.750000 -0.011701
v 0.444444 -1.750000 -0.021555
v 0.458333 -1.750000 -0.026702
v 0.472222 -1.750000 -0.030174
v 0.486111 -1.750000 -0.034956
v 0.500000 -1.750000 -0.040568
v -0.500000 -2.000000 -0.037913
v -0.486111 -2.000000 -0.042383
v -0.472222 -2.000000 -0.040099
v -0.458333 -2.000000 -0.026453
v -0.444444 -2.000000 -0.001975
v -0.430556 -2.000000 0.026539
v -0.416667 -2.000000 0.048871
v -0.402778 -2.000000 0.056557
v -0.388889 -2.000000 0.047169
v -0.375000 -2.000000 0.025067
v -0.361111 -2.000000 -0.001625
v -0.347222 -2.000000 -0.025621
v -0.333333 -2.000000 -0.043569
v -0.319444 -2.000000 -0.055877
v -0.305556 -2.000000 -0.063940
v -0.291667 -2.000000 -0.067289
v -0.277778 -2.000000 -0.063097
v -0.263889 -2.000000 -0.048524
v -0.250000 -2.000000 -0.024123
v -0.236111 -2.000000 0.004490
v -0.222222 -2.000000 0.028364
v -0.208333 -2.000000 0.039592
v -0.194444 -2.000000 0.035587
v -0.180556 -2.000000 0.020400
v -0.166667 -2.000000 0.002128
v -0.152778 -2.000000 -0.011892
v -0.138889 -2.000000 -0.018961
v -0.125000 -2.000000 -0.021463
v -0.111111 -2.000000 -0.023836
v -0.097222 -2.000000 -0.028395
v -0.083333 -2.000000 -0.033099
v -0.069444 -2.000000 -0.032891
v -0.055556 -2.000000 -0.023648
v -0.041667 -2.000000 -0.005879
v -0.027778 -2.000000 0.014546
v -0.013889 -2.000000 0.029281
v 0.000000 -2.000000 0.032125
v 0.013889 -2.000000 0.022308
v 0.027778 -2.000000 0.004361
v 0.041667 -2.000000 -0.015132
v 0.055556 -2.000000 -0.031466
v 0.069444 -2.000000 -0.043662
v 0.083333 -2.000000 -0.053160
v 0.097222 -2.000000 -0.060665
v 0.111111 -2.000000 -0.063879
v 0.125000 -2.000000 -0.058158
v 0.138889 -2.000000 -0.039924
v 0.152778 -2.000000 -0.010419
v 0.166667 -2.000000 0.023068
v 0.180556 -2.000000 0.049845
v 0.194444 -2.000000 0.060968
v 0.208333 -2.000000 0.053784
v 0.222222 -2.000000 0.032989
v 0.236111 -2.000000 0.007607
v 0.250000 -2.000000 -0.014089
v 0.263889 -2.000000 -0.028415
v 0.277778 -2.000000 -0.036627
v 0.291667 -2.000000 -0.042007
v 0.305556 -2.000000 -0.046146
v 0.319444 -2.000000 -0.047277
v 0.333333 -2.000000 -0.041840
v 0.347222 -2.000000 -0.028000
v 0.361111 -2.000000 -0.008329
v 0.375000 -2.000000 0.010554
v 0.388889 -2.000000 0.021385
v 0.402778 -2.000000 0.020435
v 0.416667 -2.000000 0.009600
v 0.430556 -2.000000 -0.005076
v 0.444444 -2.000000 -0.017380
v 0.458333 -2.000000 -0.024615
v 0.472222 -2.000000 -0.028439
v 0.486111 -2.000000 -0.032364
v 0.500000 -2.000000 -0.037913
vn 0.1005 -0.0066 0.9949
vn 0.0220 -0.0040 0.9997
vn -0.1585 0.0028 0.9873
vn -0.3587 0.0110 0.9334
vn -0.4711 0.0165 0.8819
vn -0.4560 0.0178 0.8898
vn -0.2896 0.0142 0.9570
vn 0.0172 0.0051 0.9998
vn 0.3025 -0.0047 0.9531
vn 0.4413 -0.0106 0.8973
vn 0.4549 -0.0128 0.8904
vn 0.3894 -0.0127 0.9210
vn 0.2917 -0.0118 0.9564
vn 0.2011 -0.0109 0.9795
vn 0.1143 -0.0094 0.9934
vn -0.0085 -0.0058 0.9999
vn -0.1859 0.0007 0.9826
vn -0.3656 0.0084 0.9307
vn -0.4713 0.0140 0.8819
vn -0.4676 0.0159 0.8838
vn -0.3335 0.0133 0.9426
vn -0.0726 0.0060 0.9973
vn 0.1899 -0.0023 0.9818
vn 0.3196 -0.0071 0.9475
vn 0.3095 -0.0076 0.9509
vn 0.2079 -0.0053 0.9781
vn 0.0960 -0.0029 0.9954
vn 0.0491 -0.0025 0.9988
vn 0.0697 -0.0041 0.9976
vn 0.0930 -0.0053 0.9957
vn 0.0453 -0.0038 0.9990
vn -0.0948 0.0014 0.9955
vn -0.2627 0.0080 0.9648
vn -0.3593 0.0125 0.9332
vn -0.3340 0.0129 0.9425
vn -0.1745 0.0087 0.9846
vn 0.0701 0.0011 0.9975
vn 0.2695 -0.0059 0.9630
vn 0.3531 -0.0096 0.9355
vn 0.3396 -0.0105 0.9405
vn 0.2764 -0.0101 0.9610
vn 0.2136 -0.0099 0.9769
vn 0.1689 -0.0100 0.9856
vn 0.1074 -0.0091 0.9942
vn -0.0253 -0.0048 0.9997
vn -0.2347 0.0032 0.9721
vn -0.4336 0.0118 0.9010
vn -0.5359 0.0175 0.8441
vn -0.5191 0.0192 0.8545
vn -0.3568 0.0161 0.9340
vn -0.0397 0.0072 0.9992
vn 0.2714 -0.0031 0.9625
vn 0.4220 -0.0092 0.9066
vn 0.4287 -0.0108 0.9034
vn 0.3413 -0.0097 0.9399
vn 0.2215 -0.0077 0.9751
vn 0.1357 -0.0066 0.9907
vn 0.0955 -0.0066 0.9954
vn 0.0531 -0.0058 0.9986
vn -0.0434 -0.0024 0.9991
vn -0.1907 0.0033 0.9816
vn -0.3200 0.0090 0.9474
vn -0.3622 0.0118 0.9320
vn -0.2869 0.0105 0.9579
vn -0.0991 0.0052 0.9951
vn 0.1180 -0.0016 0.9930
vn 0.2490 -0.0062 0.9685
vn 0.2624 -0.0072 0.9649
vn 0.1932 -0.0059 0.9811
vn 0.1108 -0.0043 0.9938
vn 0.0779 -0.0043 0.9970
vn 0.0951 -0.0058 0.9955
vn 0.1005 -0.0066 0.9949
vn 0.0838 -0.0095 0.9964
vn -0.0630 -0.0055 0.9980
vn -0.2892 0.0035 0.9573
vn -0.4662 0.0132 0.8846
vn -0.5200 0.0202 0.8539
vn -0.4307 0.0230 0.9022
vn -0.1657 0.0193 0.9860
vn 0.1910 0.0081 0.9816
vn 0.4251 -0.0032 0.9052
vn 0.4994 -0.0105 0.8663
vn 0.4674 -0.0143 0.8840
vn 0.3750 -0.0157 0.9269
vn 0.2704 -0.0161 0.9626
vn 0.1772 -0.0160 0.9840
vn 0.0676 -0.0145 0.9976
vn -0.1003 -0.0096 0.9949
vn -0.3075 -0.0008 0.9515
vn -0.4675 0.0088 0.8839
vn -0.5236 0.0160 0.8518
vn -0.4565 0.0193 0.8895
vn -0.2393 0.0171 0.9708
vn 0.0752 0.0085 0.9971
vn 0.3005 -0.0009 0.9538
vn 0.3616 -0.0063 0.9323
vn 0.2937 -0.0074 0.9559
vn 0.1643 -0.0056 0.9864
vn 0.0695 -0.0037 0.9976
vn 0.0597 -0.0041 0.9982
vn 0.0954 -0.0063 0.9954
vn 0.0904 -0.0075 0.9959
vn -0.0156 -0.0049 0.9999
vn -0.1999 0.0019 0.9798
vn -0.3550 0.0099 0.9348
vn -0.3975 0.0153 0.9175
vn -0.2991 0.0163 0.9541
vn -0.0637 0.0114 0.9979
vn 0.2004 0.0024 0.9797
vn 0.3566 -0.0056 0.9342
vn 0.3896 -0.0104 0.9209
vn 0.3419 -0.0126 0.9396
vn 0.2681 -0.0134 0.9633
vn 0.2106 -0.0142 0.9775
vn 0.1599 -0.0150 0.9870
vn 0.0594 -0.0137 0.9981
vn -0.1356 -0.0077 0.9907
vn -0.3736 0.0028 0.9276
vn -0.5379 0.0133 0.8429
vn -0.5837 0.0207 0.8117
vn -0.4987 0.0244 0.8664
vn -0.2375 0.0217 0.9711
vn 0.1427 0.0109 0.9897
vn 0.4009 -0.0010 0.9161
vn 0.4781 -0.0082 0.8783
vn 0.4301 -0.0111 0.9027
vn 0.3100 -0.0111 0.9507
vn 0.1910 -0.0100 0.9815
vn 0.1246 -0.0098 0.9922
vn 0.0874 -0.0101 0.9961
vn 0.0155 -0.0088 0.9998
vn -0.1250 -0.0041 0.9921
vn -0.2884 0.0033 0.9575
vn -0.3878 0.0102 0.9217
vn -0.3733 0.0139 0.9276
vn -0.2274 0.0129 0.9737
vn 0.0136 0.0067 0.9999
vn 0.2182 -0.0010 0.9759
vn 0.2964 -0.0062 0.9550
vn 0.2593 -0.0078 0.9658
vn 0.1656 -0.0069 0.9862
vn 0.0960 -0.0059 0.9954
vn 0.0920 -0.0068 0.9957
vn 0.1156 -0.0089 0.9933
vn 0.0838 -0.0095 0.9964
vn 0.0374 -0.0137 0.9992
vn -0.2095 -0.0058 0.9778
vn -0.4672 0.0071 0.8841
vn -0.5973 0.0189 0.8018
vn -0.5864 0.0276 0.8096
vn -0.4011 0.0320 0.9155
vn 0.0076 0.0258 0.9996
vn 0.3969 0.0099 0.9178
vn 0.5649 -0.0035 0.8251
vn 0.5834 -0.0123 0.8121
vn 0.5134 -0.0180 0.8580
vn 0.3973 -0.0217 0.9174
vn 0.2804 -0.0239 0.9596
vn 0.1638 -0.0248 0.9862
vn -0.0044 -0.0222 0.9997
vn -0.2472 -0.0134 0.9689
vn -0.4760 -0.0003 0.8794
vn -0.5974 0.0118 0.8018
vn -0.5979 0.0208 0.8013
vn -0.4528 0.0256 0.8913
vn -0.1158 0.0223 0.9930
vn 0.2519 0.0104 0.9677
vn 0.4250 -0.0005 0.9052
vn 0.4179 -0.0064 0.9085
vn 0.2913 -0.0076 0.9566
vn 0.1383 -0.0061 0.9904
vn 0.0691 -0.0055 0.9976
vn 0.0957 -0.0075 0.9954
vn 0.1298 -0.0105 0.9915
vn 0.0681 -0.0108 0.9976
vn -0.1240 -0.0054 0.9923
vn -0.3500 0.0048 0.9367
vn -0.4731 0.0146 0.8809
vn -0.4487 0.0210 0.8935
vn -0.2513 0.0218 0.9677
vn 0.0860 0.0142 0.9962
vn 0.3587 0.0023 0.9335
vn 0.4663 -0.0072 0.8846
vn 0.4536 -0.0132 0.8911
vn 0.3769 -0.0169 0.9261
vn 0.2954 -0.0196 0.9552
vn 0.2356 -0.0222 0.9716
vn 0.1540 -0.0235 0.9878
vn -0.0267 -0.0204 0.9994
vn -0.3103 -0.0096 0.9506
vn -0.5530 0.0053 0.8331
vn -0.6632 0.0179 0.7483
vn -0.6509 0.0275 0.7587
vn -0.4820 0.0335 0.8756
vn -0.0730 0.0295 0.9969
vn 0.3568 0.0137 0.9341
vn 0.5436 -0.0003 0.8393
vn 0.5557 -0.0086 0.8314
vn 0.4584 -0.0127 0.8886
vn 0.3086 -0.0140 0.9511
vn 0.1915 -0.0144 0.9814
vn 0.1348 -0.0155 0.9908
vn 0.0773 -0.0160 0.9969
vn -0.0544 -0.0130 0.9984
vn -0.2556 -0.0050 0.9668
vn -0.4239 0.0054 0.9057
vn -0.4788 0.0138 0.8778
vn -0.3930 0.0182 0.9194
vn -0.1491 0.0162 0.9887
vn 0.1551 0.0076 0.9879
vn 0.3358 -0.0017 0.9419
vn 0.3578 -0.0074 0.9338
vn 0.2703 -0.0092 0.9627
vn 0.1575 -0.0089 0.9875
vn 0.1090 -0.0093 0.9940
vn 0.1315 -0.0118 0.9913
vn 0.1414 -0.0145 0.9898
vn 0.0374 -0.0137 0.9992
vn -0.0730 -0.0144 0.9972
vn -0.4146 -0.0017 0.9100
vn -0.6405 0.0127 0.7679
vn -0.7056 0.0241 0.7082
vn -0.6307 0.0334 0.7753
vn -0.3114 0.0377 0.9495
vn 0.2576 0.0248 0.9659
vn 0.5930 0.0057 0.8052
vn 0.6839 -0.0070 0.7296
vn 0.6597 -0.0156 0.7514
vn 0.5625 -0.0219 0.8265
vn 0.4292 -0.0265 0.9028
vn 0.2948 -0.0296 0.9551
vn 0.1292 -0.0301 0.9912
vn -0.1338 -0.0245 0.9907
vn -0.4424 -0.0109 0.8967
vn -0.6426 0.0043 0.7662
vn -0.7081 0.0163 0.7059
vn -0.6545 0.0253 0.7557
vn -0.4097 0.0300 0.9117
vn 0.0773 0.0226 0.9968
vn 0.4394 0.0074 0.8983
vn 0.5358 -0.0029 0.8443
vn 0.4619 -0.0078 0.8869
vn 0.2805 -0.0082 0.9598
vn 0.1215 -0.0067 0.9926
vn 0.0938 -0.0074 0.9956
vn 0.1500 -0.0107 0.9886
vn 0.1534 -0.0136 0.9881
vn -0.0026 -0.0117 0.9999
vn -0.2900 -0.0024 0.9570
vn -0.5145 0.0097 0.8575
vn -0.5795 0.0194 0.8148
vn -0.4756 0.0255 0.8793
vn -0.1442 0.0243 0.9892
vn 0.2856 0.0120 0.9583
vn 0.5183 -0.0012 0.8552
vn 0.5697 -0.0104 0.8218
vn 0.5186 -0.0166 0.8548
vn 0.4225 -0.0209 0.9061
vn 0.3382 -0.0246 0.9407
vn 0.2644 -0.0279 0.9640
vn 0.1174 -0.0285 0.9927
vn -0.1846 -0.0213 0.9826
vn -0.5252 -0.0052 0.8510
vn -0.7123 0.0106 0.7018
vn -0.7618 0.0227 0.6474
vn -0.6982 0.0329 0.7151
vn -0.4150 0.0399 0.9090
vn 0.1776 0.0298 0.9837
vn 0.5637 0.0097 0.8259
vn 0.6633 -0.0033 0.7483
vn 0.6230 -0.0109 0.7822
vn 0.4857 -0.0150 0.8740
vn 0.3161 -0.0167 0.9486
vn 0.2071 -0.0180 0.9781
vn 0.1481 -0.0196 0.9888
vn 0.0407 -0.0192 0.9990
vn -0.1778 -0.0132 0.9840
vn -0.4233 -0.0018 0.9060
vn -0.5607 0.0095 0.8280
vn -0.5570 0.0178 0.8303
vn -0.3827 0.0214 0.9236
vn -0.0149 0.0165 0.9998
vn 0.3227 0.0050 0.9465
vn 0.4497 -0.0044 0.8931
vn 0.4111 -0.0094 0.9116
vn 0.2777 -0.0108 0.9606
vn 0.1615 -0.0107 0.9868
vn 0.1462 -0.0123 0.9892
vn 0.1848 -0.0159 0.9826
vn 0.1477 -0.0182 0.9889
vn -0.0730 -0.0144 0.9972
vn -0.2522 -0.0113 0.9676
vn -0.6110 0.0037 0.7916
vn -0.7612 0.0162 0.6483
vn -0.7734 0.0260 0.6334
vn -0.6366 0.0356 0.7704
vn -0.1253 0.0377 0.9914
vn 0.5110 0.0176 0.8594
vn 0.7301 0.0004 0.6833
vn 0.7642 -0.0098 0.6449
vn 0.7146 -0.0174 0.6993
vn 0.6019 -0.0236 0.7983
vn 0.4573 -0.0285 0.8889
vn 0.2965 -0.0318 0.9545
vn 0.0528 -0.0310 0.9981
vn -0.3160 -0.0213 0.9485
vn -0.6252 -0.0051 0.7804
vn -0.7613 0.0085 0.6483
vn -0.7798 0.0186 0.6257
vn -0.6785 0.0271 0.7341
vn -0.2989 0.0307 0.9538
vn 0.3109 0.0178 0.9503
vn 0.5898 0.0030 0.8075
vn 0.6132 -0.0052 0.7899
vn 0.4822 -0.0085 0.8760
vn 0.2592 -0.0080 0.9658
vn 0.1189 -0.0070 0.9929
vn 0.1409 -0.0089 0.9900
vn 0.2063 -0.0127 0.9784
vn 0.1450 -0.0146 0.9893
vn -0.1328 -0.0097 0.9911
vn -0.4742 0.0020 0.8804
vn -0.6466 0.0133 0.7627
vn -0.6505 0.0217 0.7592
vn -0.4576 0.0270 0.8887
vn 0.0367 0.0222 0.9991
vn 0.4844 0.0070 0.8748
vn 0.6426 -0.0049 0.7662
vn 0.6477 -0.0126 0.7618
vn 0.5716 -0.0183 0.8203
vn 0.4675 -0.0228 0.8837
vn 0.3823 -0.0269 0.9236
vn 0.2770 -0.0302 0.9604
vn 0.0260 -0.0290 0.9992
vn -0.3971 -0.0168 0.9176
vn -0.7029 0.0008 0.7113
vn -0.8146 0.0141 0.5799
vn -0.8217 0.0245 0.5695
vn -0.7127 0.0350 0.7006
vn -0.2589 0.0412 0.9650
vn 0.4504 0.0227 0.8926
vn 0.7097 0.0040 0.7045
vn 0.7431 -0.0062 0.6692
vn 0.6680 -0.0124 0.7441
vn 0.5025 -0.0160 0.8644
vn 0.3271 -0.0179 0.9448
vn 0.2288 -0.0196 0.9733
vn 0.1485 -0.0211 0.9887
vn -0.0383 -0.0190 0.9991
vn -0.3420 -0.0099 0.9396
vn -0.5803 0.0025 0.8144
vn -0.6643 0.0126 0.7473
vn -0.6027 0.0197 0.7977
vn -0.3211 0.0218 0.9468
vn 0.1694 0.0133 0.9855
vn 0.4768 0.0011 0.8790
vn 0.5371 -0.0067 0.8435
vn 0.4444 -0.0105 0.8957
vn 0.2787 -0.0112 0.9603
vn 0.1795 -0.0116 0.9837
vn 0.2014 -0.0143 0.9794
vn 0.2332 -0.0181 0.9723
vn 0.1104 -0.0190 0.9937
vn -0.2522 -0.0113 0.9676
vn -0.4484 -0.0064 0.8938
vn -0.7441 0.0067 0.6681
vn -0.8304 0.0161 0.5570
vn -0.8093 0.0243 0.5870
vn -0.6035 0.0338 0.7966
vn 0.1338 0.0311 0.9905
vn 0.6848 0.0098 0.7286
vn 0.8096 -0.0027 0.5870
vn 0.8127 -0.0103 0.5825
vn 0.7503 -0.0166 0.6609
vn 0.6301 -0.0222 0.7762
vn 0.4769 -0.0269 0.8786
vn 0.2787 -0.0298 0.9599
vn -0.0644 -0.0274 0.9975
vn -0.4990 -0.0149 0.8665
vn -0.7497 -0.0005 0.6618
vn -0.8308 0.0099 0.5566
vn -0.8197 0.0179 0.5725
vn -0.6726 0.0255 0.7396
vn -0.1218 0.0268 0.9922
vn 0.5079 0.0113 0.8613
vn 0.6868 -0.0002 0.7268
vn 0.6589 -0.0059 0.7522
vn 0.4830 -0.0079 0.8756
vn 0.2367 -0.0070 0.9716
vn 0.1335 -0.0067 0.9910
vn 0.1983 -0.0093 0.9801
vn 0.2478 -0.0128 0.9687
vn 0.0974 -0.0132 0.9952
vn -0.2955 -0.0062 0.9553
vn -0.6213 0.0050 0.7835
vn -0.7314 0.0138 0.6818
vn -0.6871 0.0207 0.7263
vn -0.3924 0.0250 0.9194
vn 0.2502 0.0166 0.9681
vn 0.6307 0.0024 0.7760
vn 0.7236 -0.0065 0.6902
vn 0.6999 -0.0126 0.7141
vn 0.6111 -0.0174 0.7913
vn 0.5071 -0.0216 0.8616
vn 0.4180 -0.0256 0.9081
vn 0.2632 -0.0284 0.9643
vn -0.1173 -0.0250 0.9928
vn -0.5900 -0.0100 0.8073
vn -0.8104 0.0045 0.5859
vn -0.8704 0.0143 0.4922
vn -0.8532 0.0228 0.5210
vn -0.6964 0.0331 0.7169
vn -0.0154 0.0359 0.9992
vn 0.6461 0.0138 0.7631
vn 0.7940 0.0002 0.6079
vn 0.7902 -0.0071 0.6127
vn 0.6940 -0.0120 0.7199
vn 0.5116 -0.0151 0.8591
vn 0.3408 -0.0169 0.9400
vn 0.2482 -0.0188 0.9685
vn 0.1277 -0.0197 0.9916
vn -0.1529 -0.0159 0.9881
vn -0.5008 -0.0055 0.8655
vn -0.6923 0.0051 0.7216
vn -0.7290 0.0129 0.6843
vn -0.6165 0.0187 0.7871
vn -0.2094 0.0192 0.9776
vn 0.3530 0.0086 0.9356
vn 0.5885 -0.0016 0.8085
vn 0.5937 -0.0074 0.8046
vn 0.4600 -0.0100 0.8879
vn 0.2792 -0.0104 0.9602
vn 0.2108 -0.0113 0.9775
vn 0.2605 -0.0143 0.9654
vn 0.2607 -0.0176 0.9652
vn 0.0237 -0.0168 0.9996
vn -0.4484 -0.0064 0.8938
vn -0.5970 -0.0025 0.8022
vn -0.8174 0.0065 0.5761
vn -0.8669 0.0128 0.4983
vn -0.8257 0.0191 0.5637
vn -0.5419 0.0273 0.8400
vn 0.3670 0.0206 0.9300
vn 0.7790 0.0047 0.6270
vn 0.8523 -0.0033 0.5230
vn 0.8407 -0.0085 0.5414
vn 0.7725 -0.0131 0.6349
vn 0.6494 -0.0176 0.7603
vn 0.4880 -0.0214 0.8726
vn 0.2461 -0.0237 0.9690
vn -0.1927 -0.0202 0.9811
vn -0.6317 -0.0087 0.7751
vn -0.8195 0.0015 0.5731
vn -0.8681 0.0084 0.4964
vn -0.8401 0.0142 0.5423
vn -0.6469 0.0204 0.7623
vn 0.0718 0.0193 0.9972
vn 0.6328 0.0061 0.7743
vn 0.7423 -0.0013 0.6701
vn 0.6829 -0.0050 0.7305
vn 0.4744 -0.0061 0.8803
vn 0.2215 -0.0053 0.9751
vn 0.1587 -0.0055 0.9873
vn 0.2499 -0.0080 0.9682
vn 0.2688 -0.0105 0.9632
vn 0.0254 -0.0099 0.9996
vn -0.4389 -0.0029 0.8985
vn -0.7137 0.0053 0.7005
vn -0.7796 0.0113 0.6262
vn -0.7007 0.0165 0.7133
vn -0.2972 0.0195 0.9546
vn 0.4255 0.0103 0.9049
vn 0.7186 0.0001 0.6954
vn 0.7715 -0.0059 0.6362
vn 0.7327 -0.0102 0.6804
vn 0.6393 -0.0139 0.7689
vn 0.5385 -0.0172 0.8425
vn 0.4413 -0.0205 0.8971
vn 0.2279 -0.0226 0.9734
vn -0.2705 -0.0177 0.9626
vn -0.7149 -0.0048 0.6992
vn -0.8662 0.0049 0.4996
vn -0.8992 0.0115 0.4373
vn -0.8684 0.0179 0.4955
vn -0.6582 0.0269 0.7523
vn 0.2323 0.0251 0.9723
vn 0.7534 0.0073 0.6576
vn 0.8391 -0.0012 0.5440
vn 0.8168 -0.0061 0.5769
vn 0.7082 -0.0095 0.7059
vn 0.5175 -0.0119 0.8556
vn 0.3551 -0.0135 0.9347
vn 0.2606 -0.0151 0.9653
vn 0.0906 -0.0155 0.9958
vn -0.2715 -0.0111 0.9624
vn -0.6159 -0.0023 0.7878
vn -0.7595 0.0051 0.6505
vn -0.7652 0.0106 0.6437
vn -0.6090 0.0149 0.7930
vn -0.0771 0.0140 0.9969
vn 0.4890 0.0046 0.8723
vn 0.6578 -0.0024 0.7532
vn 0.6266 -0.0062 0.7793
vn 0.4656 -0.0079 0.8850
vn 0.2835 -0.0082 0.9589
vn 0.2469 -0.0093 0.9690
vn 0.3093 -0.0119 0.9509
vn 0.2654 -0.0142 0.9640
vn -0.0885 -0.0123 0.9960
vn -0.5970 -0.0025 0.8022
vn -0.6796 -0.0007 0.7336
vn -0.8527 0.0038 0.5224
vn -0.8848 0.0071 0.4659
vn -0.8323 0.0107 0.5542
vn -0.4788 0.0158 0.8778
vn 0.5056 0.0101 0.8627
vn 0.8235 0.0019 0.5673
vn 0.8736 -0.0020 0.4866
vn 0.8557 -0.0048 0.5174
vn 0.7854 -0.0073 0.6189
vn 0.6615 -0.0099 0.7499
vn 0.4933 -0.0122 0.8698
vn 0.2140 -0.0135 0.9767
vn -0.2892 -0.0108 0.9572
vn -0.7047 -0.0040 0.7095
vn -0.8536 0.0012 0.5209
vn -0.8865 0.0048 0.4627
vn -0.8496 0.0079 0.5274
vn -0.6185 0.0117 0.7857
vn 0.2118 0.0100 0.9773
vn 0.6971 0.0027 0.7170
vn 0.7708 -0.0009 0.6371
vn 0.6946 -0.0028 0.7194
vn 0.4664 -0.0033 0.8846
vn 0.2152 -0.0029 0.9766
vn 0.1818 -0.0033 0.9833
vn 0.2846 -0.0047 0.9586
vn 0.2750 -0.0060 0.9614
vn -0.0392 -0.0053 0.9992
vn -0.5292 -0.0010 0.8485
vn -0.7617 0.0033 0.6479
vn -0.8040 0.0064 0.5946
vn -0.7032 0.0093 0.7110
vn -0.2109 0.0108 0.9775
vn 0.5289 0.0049 0.8487
vn 0.7637 -0.0004 0.6456
vn 0.7970 -0.0034 0.6040
vn 0.7515 -0.0057 0.6597
vn 0.6572 -0.0078 0.7536
vn 0.5592 -0.0098 0.8290
vn 0.4536 -0.0117 0.8912
vn 0.1906 -0.0128 0.9816
vn -0.3809 -0.0092 0.9246
vn -0.7781 -0.0019 0.6281
vn -0.8925 0.0030 0.4511
vn -0.9133 0.0064 0.4073
vn -0.8751 0.0100 0.4838
vn -0.6176 0.0156 0.7864
vn 0.3929 0.0127 0.9195
vn 0.8038 0.0032 0.5948
vn 0.8614 -0.0009 0.5080
vn 0.8307 -0.0034 0.5567
vn 0.7159 -0.0053 0.6981
vn 0.5223 -0.0067 0.8527
vn 0.3665 -0.0077 0.9304
vn 0.2663 -0.0087 0.9639
vn 0.0547 -0.0087 0.9985
vn -0.3572 -0.0057 0.9340
vn -0.6806 -0.0007 0.7326
vn -0.7943 0.0031 0.6075
vn -0.7833 0.0060 0.6216
vn -0.5954 0.0084 0.8034
vn 0.0276 0.0075 0.9996
vn 0.5665 0.0020 0.8241
vn 0.6948 -0.0015 0.7192
vn 0.6440 -0.0035 0.7650
vn 0.4678 -0.0044 0.8838
vn 0.2900 -0.0046 0.9570
vn 0.2755 -0.0054 0.9613
vn 0.3403 -0.0069 0.9403
vn 0.2582 -0.0081 0.9661
vn -0.1814 -0.0065 0.9834
vn -0.6796 -0.0007 0.7336
vn -0.7056 -0.0011 0.7087
vn -0.8634 -0.0002 0.5046
vn -0.8904 0.0006 0.4552
vn -0.8342 0.0017 0.5514
vn -0.4519 0.0036 0.8921
vn 0.5495 0.0034 0.8355
vn 0.8368 0.0017 0.5475
vn 0.8803 0.0007 0.4744
vn 0.8607 -0.0001 0.5091
vn 0.7900 -0.0009 0.6130
vn 0.6661 -0.0018 0.7458
vn 0.4952 -0.0026 0.8688
vn 0.2008 -0.0033 0.9796
vn -0.3247 -0.0032 0.9458
vn -0.7277 -0.0020 0.6859
vn -0.8640 -0.0008 0.5035
vn -0.8923 0.0000 0.4515
vn -0.8526 0.0009 0.5225
vn -0.6065 0.0023 0.7951
vn 0.2612 0.0030 0.9653
vn 0.7169 0.0017 0.6971
vn 0.7799 0.0009 0.6259
vn 0.6985 0.0003 0.7156
vn 0.4637 -0.0003 0.8860
vn 0.2141 -0.0006 0.9768
vn 0.1913 -0.0007 0.9815
vn 0.2970 -0.0009 0.9549
vn 0.2760 -0.0012 0.9612
vn -0.0651 -0.0014 0.9979
vn -0.5595 -0.0010 0.8288
vn -0.7768 -0.0002 0.6298
vn -0.8118 0.0005 0.5839
vn -0.7033 0.0015 0.7108
vn -0.1762 0.0026 0.9844
vn 0.5623 0.0020 0.8270
vn 0.7778 0.0010 0.6285
vn 0.8053 0.0002 0.5928
vn 0.7581 -0.0005 0.6522
vn 0.6639 -0.0012 0.7478
vn 0.5669 -0.0019 0.8238
vn 0.4576 -0.0025 0.8891
vn 0.1747 -0.0032 0.9846
vn -0.4201 -0.0029 0.9075
vn -0.7973 -0.0015 0.6036
vn -0.9003 -0.0004 0.4352
vn -0.9177 0.0004 0.3973
vn -0.8772 0.0014 0.4801
vn -0.6001 0.0034 0.7999
vn 0.4455 0.0039 0.8953
vn 0.8189 0.0020 0.5740
vn 0.8684 0.0010 0.4959
vn 0.8354 0.0003 0.5496
vn 0.7189 -0.0005 0.6951
vn 0.5247 -0.0012 0.8513
vn 0.3713 -0.0016 0.9285
vn 0.2679 -0.0020 0.9634
vn 0.0399 -0.0022 0.9992
vn -0.3882 -0.0020 0.9216
vn -0.7014 -0.0011 0.7127
vn -0.8053 -0.0003 0.5928
vn -0.7891 0.0005 0.6142
vn -0.5894 0.0014 0.8078
vn 0.0669 0.0021 0.9978
vn 0.5916 0.0014 0.8063
vn 0.7069 0.0006 0.7073
vn 0.6499 -0.0000 0.7600
vn 0.4689 -0.0006 0.8833
vn 0.2934 -0.0009 0.9560
vn 0.2867 -0.0011 0.9580
vn 0.3512 -0.0014 0.9363
vn 0.2538 -0.0018 0.9673
vn -0.2171 -0.0019 0.9761
vn -0.7056 -0.0011 0.7087
vn -0.6910 -0.0035 0.7228
vn -0.8599 -0.0047 0.5105
vn -0.8907 -0.0051 0.4545
vn -0.8403 -0.0049 0.5422
vn -0.4905 -0.0030 0.8714
vn 0.5175 0.0027 0.8557
vn 0.8317 0.0046 0.5552
vn 0.8800 0.0049 0.4750
vn 0.8628 0.0048 0.5056
vn 0.7947 0.0043 0.6069
vn 0.6732 0.0036 0.7395
vn 0.5051 0.0028 0.8631
vn 0.2206 0.0015 0.9754
vn -0.2976 -0.0012 0.9547
vn -0.7158 -0.0037 0.6983
vn -0.8607 -0.0047 0.5090
vn -0.8923 -0.0050 0.4513
vn -0.8569 -0.0049 0.5155
vn -0.6305 -0.0037 0.7762
vn 0.2183 0.0012 0.9759
vn 0.7082 0.0041 0.7060
vn 0.7805 0.0045 0.6252
vn 0.7058 0.0040 0.7084
vn 0.4779 0.0025 0.8784
vn 0.2218 0.0009 0.9751
vn 0.1874 0.0008 0.9823
vn 0.2929 0.0016 0.9561
vn 0.2831 0.0019 0.9591
vn -0.0405 0.0002 0.9992
vn -0.5412 -0.0027 0.8409
vn -0.7716 -0.0043 0.6360
vn -0.8128 -0.0047 0.5825
vn -0.7143 -0.0042 0.6998
vn -0.2173 -0.0015 0.9761
vn 0.5409 0.0030 0.8411
vn 0.7736 0.0043 0.6337
vn 0.8060 0.0045 0.5919
vn 0.7617 0.0042 0.6479
vn 0.6689 0.0035 0.7433
vn 0.5713 0.0030 0.8207
vn 0.4650 0.0026 0.8853
vn 0.1965 0.0015 0.9805
vn -0.3912 -0.0017 0.9203
vn -0.7877 -0.0041 0.6161
vn -0.8980 -0.0049 0.4399
vn -0.9179 -0.0052 0.3967
vn -0.8815 -0.0051 0.4722
vn -0.6296 -0.0038 0.7769
vn 0.4035 0.0021 0.9150
vn 0.8126 0.0046 0.5827
vn 0.8682 0.0049 0.4962
vn 0.8387 0.0047 0.5446
vn 0.7268 0.0039 0.6868
vn 0.5343 0.0027 0.8453
vn 0.3766 0.0019 0.9264
vn 0.2741 0.0016 0.9617
vn 0.0564 0.0006 0.9984
vn -0.3671 -0.0017 0.9302
vn -0.6920 -0.0037 0.7219
vn -0.8034 -0.0045 0.5954
vn -0.7927 -0.0046 0.6096
vn -0.6075 -0.0036 0.7943
vn 0.0285 0.0000 0.9996
vn 0.5786 0.0033 0.8156
vn 0.7060 0.0041 0.7082
vn 0.6558 0.0037 0.7549
vn 0.4793 0.0025 0.8776
vn 0.2984 0.0014 0.9544
vn 0.2836 0.0014 0.9589
vn 0.3499 0.0020 0.9368
vn 0.2659 0.0018 0.9640
vn -0.1870 -0.0005 0.9824
vn -0.6910 -0.0035 0.7228
vn -0.6425 -0.0063 0.7662
vn -0.8478 -0.0091 0.5303
vn -0.8907 -0.0099 0.4544
vn -0.8552 -0.0097 0.5182
vn -0.5879 -0.0070 0.8089
vn 0.4063 0.0041 0.9137
vn 0.8137 0.0089 0.5812
vn 0.8782 0.0096 0.4782
vn 0.8682 0.0094 0.4961
vn 0.8079 0.0086 0.5893
vn 0.6934 0.0072 0.7205
vn 0.5331 0.0057 0.8460
vn 0.2751 0.0034 0.9614
vn -0.2161 -0.0016 0.9764
vn -0.6764 -0.0068 0.7365
vn -0.8496 -0.0090 0.5274
vn -0.8917 -0.0098 0.4525
vn -0.8677 -0.0097 0.4971
vn -0.6910 -0.0079 0.7228
vn 0.0808 0.0007 0.9967
vn 0.6774 0.0076 0.7356
vn 0.7804 0.0088 0.6252
vn 0.7252 0.0080 0.6885
vn 0.5190 0.0054 0.8547
vn 0.2480 0.0021 0.9688
vn 0.1782 0.0014 0.9840
vn 0.2792 0.0030 0.9602
vn 0.2999 0.0038 0.9540
vn 0.0286 0.0011 0.9996
vn -0.4821 -0.0047 0.8761
vn -0.7540 -0.0081 0.6568
vn -0.8142 -0.0091 0.5805
vn -0.7420 -0.0085 0.6704
vn -0.3310 -0.0041 0.9436
vn 0.4681 0.0050 0.8836
vn 0.7586 0.0083 0.6516
vn 0.8070 0.0088 0.5905
vn 0.7717 0.0083 0.6360
vn 0.6837 0.0071 0.7297
vn 0.5844 0.0060 0.8115
vn 0.4847 0.0053 0.8746
vn 0.2551 0.0034 0.9669
vn -0.3019 -0.0023 0.9533
vn -0.7552 -0.0076 0.6555
vn -0.8901 -0.0095 0.4557
vn -0.9181 -0.0101 0.3962
vn -0.8921 -0.0100 0.4517
vn -0.7020 -0.0081 0.7121
vn 0.2599 0.0026 0.9656
vn 0.7905 0.0087 0.6124
vn 0.8667 0.0096 0.4987
vn 0.8473 0.0093 0.5311
vn 0.7490 0.0079 0.6626
vn 0.5631 0.0057 0.8264
vn 0.3935 0.0039 0.9193
vn 0.2910 0.0032 0.9567
vn 0.1020 0.0017 0.9948
vn -0.3029 -0.0026 0.9530
vn -0.6610 -0.0069 0.7504
vn -0.7961 -0.0087 0.6051
vn -0.8012 -0.0090 0.5983
vn -0.6544 -0.0075 0.7561
vn -0.0868 -0.0012 0.9962
vn 0.5340 0.0059 0.8455
vn 0.7013 0.0079 0.7128
vn 0.6714 0.0074 0.7410
vn 0.5099 0.0054 0.8602
vn 0.3161 0.0029 0.9487
vn 0.2759 0.0026 0.9612
vn 0.3441 0.0038 0.9389
vn 0.2963 0.0038 0.9551
vn -0.0996 -0.0001 0.9950
vn -0.6425 -0.0063 0.7662
vn -0.5448 -0.0075 0.8385
vn -0.8217 -0.0126 0.5697
vn -0.8879 -0.0142 0.4599
vn -0.8724 -0.0142 0.4886
vn -0.7003 -0.0118 0.7138
vn 0.1723 0.0022 0.9850
vn 0.7726 0.0122 0.6348
vn 0.8725 0.0139 0.4884
vn 0.8748 0.0138 0.4842
vn 0.8268 0.0128 0.5624
vn 0.7245 0.0110 0.6892
vn 0.5750 0.0088 0.8181
vn 0.3520 0.0059 0.9360
vn -0.0834 -0.0003 0.9965
vn -0.5978 -0.0085 0.8016
vn -0.8262 -0.0126 0.5632
vn -0.8881 -0.0140 0.4594
vn -0.8801 -0.0142 0.4746
vn -0.7622 -0.0125 0.6472
vn -0.1570 -0.0028 0.9876
vn 0.6069 0.0098 0.7947
vn 0.7743 0.0126 0.6327
vn 0.7501 0.0121 0.6613
vn 0.5812 0.0090 0.8137
vn 0.3008 0.0040 0.9537
vn 0.1719 0.0019 0.9851
vn 0.2534 0.0038 0.9673
vn 0.3145 0.0055 0.9493
vn 0.1258 0.0030 0.9921
vn -0.3718 -0.0050 0.9283
vn -0.7164 -0.0111 0.6976
vn -0.8116 -0.0131 0.5841
vn -0.7746 -0.0128 0.6323
vn -0.4837 -0.0083 0.8752
vn 0.3174 0.0047 0.9483
vn 0.7249 0.0115 0.6887
vn 0.8051 0.0128 0.5930
vn 0.7855 0.0123 0.6188
vn 0.7071 0.0107 0.7070
vn 0.6062 0.0091 0.7953
vn 0.5120 0.0080 0.8589
vn 0.3332 0.0059 0.9428
vn -0.1512 -0.0011 0.9885
vn -0.6874 -0.0099 0.7262
vn -0.8731 -0.0134 0.4874
vn -0.9163 -0.0145 0.4001
vn -0.9044 -0.0146 0.4265
vn -0.7827 -0.0129 0.6222
vn -0.0200 -0.0008 0.9998
vn 0.7388 0.0118 0.6738
vn 0.8608 0.0138 0.5088
vn 0.8579 0.0136 0.5137
vn 0.7804 0.0121 0.6251
vn 0.6106 0.0090 0.7919
vn 0.4250 0.0061 0.9052
vn 0.3150 0.0049 0.9491
vn 0.1645 0.0032 0.9864
vn -0.1965 -0.0021 0.9805
vn -0.5996 -0.0089 0.8002
vn -0.7790 -0.0122 0.6269
vn -0.8096 -0.0131 0.5868
vn -0.7120 -0.0118 0.7020
vn -0.2673 -0.0046 0.9636
vn 0.4390 0.0070 0.8984
vn 0.6859 0.0112 0.7276
vn 0.6908 0.0111 0.7229
vn 0.5571 0.0086 0.8304
vn 0.3525 0.0049 0.9358
vn 0.2690 0.0036 0.9631
vn 0.3299 0.0051 0.9440
vn 0.3302 0.0059 0.9439
vn 0.0307 0.0018 0.9995
vn -0.5448 -0.0075 0.8385
vn -0.3772 -0.0061 0.9261
vn -0.7697 -0.0148 0.6382
vn -0.8779 -0.0176 0.4785
vn -0.8856 -0.0182 0.4641
vn -0.7905 -0.0166 0.6123
vn -0.1938 -0.0046 0.9810
vn 0.6806 0.0136 0.7325
vn 0.8578 0.0173 0.5137
vn 0.8797 0.0177 0.4751
vn 0.8474 0.0167 0.5307
vn 0.7623 0.0147 0.6471
vn 0.6265 0.0121 0.7793
vn 0.4367 0.0088 0.8996
vn 0.0823 0.0026 0.9966
vn -0.4617 -0.0081 0.8870
vn -0.7812 -0.0150 0.6241
vn -0.8779 -0.0175 0.4785
vn -0.8894 -0.0181 0.4568
vn -0.8220 -0.0170 0.5692
vn -0.4398 -0.0093 0.8980
vn 0.4551 0.0093 0.8904
vn 0.7520 0.0155 0.6589
vn 0.7715 0.0158 0.6360
vn 0.6521 0.0130 0.7581
vn 0.3867 0.0070 0.9222
vn 0.1839 0.0027 0.9829
vn 0.2171 0.0038 0.9761
vn 0.3129 0.0066 0.9498
vn 0.2232 0.0056 0.9748
vn -0.2049 -0.0029 0.9788
vn -0.6439 -0.0124 0.7650
vn -0.7980 -0.0162 0.6025
vn -0.8010 -0.0166 0.5984
vn -0.6268 -0.0133 0.7791
vn 0.0574 0.0007 0.9984
vn 0.6543 0.0132 0.7561
vn 0.7949 0.0161 0.6065
vn 0.7989 0.0160 0.6013
vn 0.7364 0.0144 0.6763
vn 0.6371 0.0121 0.7707
vn 0.5431 0.0105 0.8396
vn 0.4108 0.0087 0.9117
vn 0.0406 0.0022 0.9992
vn -0.5601 -0.0099 0.8284
vn -0.8392 -0.0162 0.5435
vn -0.9098 -0.0182 0.4146
vn -0.9140 -0.0187 0.4054
vn -0.8463 -0.0176 0.5324
vn -0.3865 -0.0084 0.9222
vn 0.6191 0.0124 0.7852
vn 0.8439 0.0172 0.5362
vn 0.8663 0.0176 0.4993
vn 0.8142 0.0162 0.5804
vn 0.6723 0.0129 0.7401
vn 0.4757 0.0087 0.8795
vn 0.3447 0.0066 0.9387
vn 0.2285 0.0051 0.9735
vn -0.0598 -0.0001 0.9982
vn -0.4944 -0.0090 0.8692
vn -0.7439 -0.0147 0.6682
vn -0.8114 -0.0165 0.5842
vn -0.7629 -0.0159 0.6463
vn -0.4682 -0.0100 0.8836
vn 0.2594 0.0052 0.9657
vn 0.6465 0.0134 0.7628
vn 0.7053 0.0145 0.7088
vn 0.6127 0.0123 0.7902
vn 0.4130 0.0076 0.9107
vn 0.2742 0.0046 0.9616
vn 0.3059 0.0057 0.9521
vn 0.3509 0.0075 0.9364
vn 0.1710 0.0048 0.9853
vn -0.3772 -0.0061 0.9261
vn -0.1428 -0.0017 0.9898
vn -0.6677 -0.0147 0.7443
vn -0.8540 -0.0199 0.5199
vn -0.8907 -0.0213 0.4540
vn -0.8481 -0.0206 0.5294
vn -0.5424 -0.0136 0.8400
vn 0.4649 0.0107 0.8853
vn 0.8231 0.0195 0.5676
vn 0.8791 0.0208 0.4762
vn 0.8655 0.0202 0.5006
vn 0.8014 0.0183 0.5979
vn 0.6834 0.0154 0.7299
vn 0.5194 0.0120 0.8545
vn 0.2486 0.0065 0.9686
vn -0.2569 -0.0047 0.9664
vn -0.6967 -0.0155 0.7172
vn -0.8553 -0.0199 0.5178
vn -0.8920 -0.0212 0.4516
vn -0.8625 -0.0208 0.5057
vn -0.6627 -0.0161 0.7488
vn 0.1510 0.0036 0.9885
vn 0.6937 0.0168 0.7201
vn 0.7806 0.0189 0.6247
vn 0.7159 0.0170 0.6980
vn 0.4987 0.0112 0.8667
vn 0.2343 0.0044 0.9722
vn 0.1824 0.0034 0.9832
vn 0.2863 0.0068 0.9581
vn 0.2923 0.0078 0.9563
vn -0.0050 0.0013 1.0000
vn -0.5124 -0.0112 0.8586
vn -0.7632 -0.0180 0.6459
vn -0.8137 -0.0196 0.5810
vn -0.7289 -0.0179 0.6844
vn -0.2760 -0.0071 0.9611
vn 0.5062 0.0119 0.8624
vn 0.7664 0.0183 0.6421
vn 0.8066 0.0190 0.5909
vn 0.7667 0.0177 0.6417
vn 0.6763 0.0152 0.7365
vn 0.5778 0.0130 0.8161
vn 0.4752 0.0113 0.8798
vn 0.2269 0.0065 0.9739
vn -0.3470 -0.0066 0.9378
vn -0.7721 -0.0173 0.6353
vn -0.8941 -0.0208 0.4474
vn -0.9179 -0.0218 0.3961
vn -0.8870 -0.0214 0.4613
vn -0.6685 -0.0164 0.7436
vn 0.3350 0.0078 0.9422
vn 0.8022 0.0192 0.5968
vn 0.8675 0.0207 0.4970
vn 0.8430 0.0198 0.5375
vn 0.7381 0.0168 0.6745
vn 0.5486 0.0120 0.8360
vn 0.3849 0.0084 0.9229
vn 0.2829 0.0068 0.9591
vn 0.0800 0.0029 0.9968
vn -0.3352 -0.0068 0.9421
vn -0.6770 -0.0155 0.7359
vn -0.7999 -0.0190 0.5998
vn -0.7972 -0.0193 0.6034
vn -0.6322 -0.0155 0.7747
vn -0.0293 -0.0009 0.9996
vn 0.5574 0.0135 0.8302
vn 0.7040 0.0170 0.7100
vn 0.6639 0.0158 0.7476
vn 0.4947 0.0111 0.8690
vn 0.3068 0.0062 0.9518
vn 0.2795 0.0058 0.9601
vn 0.3473 0.0083 0.9377
vn 0.2821 0.0078 0.9594
vn -0.1428 -0.0017 0.9898
vn 0.0950 0.0041 0.9955
vn -0.4791 -0.0112 0.8777
vn -0.8026 -0.0205 0.5962
vn -0.8845 -0.0233 0.4660
vn -0.8790 -0.0235 0.4763
vn -0.7447 -0.0201 0.6671
vn 0.0194 0.0001 0.9998
vn 0.7404 0.0195 0.6719
vn 0.8673 0.0228 0.4972
vn 0.8773 0.0229 0.4793
vn 0.8360 0.0214 0.5484
vn 0.7408 0.0186 0.6714
vn 0.5972 0.0150 0.8020
vn 0.3898 0.0104 0.9209
vn -0.0113 0.0008 0.9999
vn -0.5450 -0.0131 0.8384
vn -0.8094 -0.0206 0.5869
vn -0.8845 -0.0231 0.4660
vn -0.8848 -0.0235 0.4654
vn -0.7912 -0.0211 0.6113
vn -0.2849 -0.0076 0.9585
vn 0.5526 0.0150 0.8333
vn 0.7670 0.0206 0.6413
vn 0.7606 0.0202 0.6489
vn 0.6128 0.0157 0.7901
vn 0.3352 0.0077 0.9421
vn 0.1738 0.0034 0.9848
vn 0.2380 0.0058 0.9712
vn 0.3165 0.0089 0.9486
vn 0.1713 0.0058 0.9852
vn -0.3034 -0.0068 0.9528
vn -0.6894 -0.0177 0.7242
vn -0.8072 -0.0214 0.5899
vn -0.7877 -0.0212 0.6157
vn -0.5517 -0.0151 0.8339
vn 0.2149 0.0055 0.9766
vn 0.6995 0.0185 0.7144
vn 0.8019 0.0211 0.5970
vn 0.7917 0.0205 0.6105
vn 0.7197 0.0182 0.6940
vn 0.6189 0.0154 0.7853
vn 0.5256 0.0134 0.8506
vn 0.3691 0.0103 0.9293
vn -0.0678 -0.0002 0.9977
vn -0.6394 -0.0155 0.7687
vn -0.8606 -0.0220 0.5089
vn -0.9141 -0.0240 0.4048
vn -0.9091 -0.0241 0.4159
vn -0.8140 -0.0218 0.5804
vn -0.1835 -0.0050 0.9830
vn 0.6974 0.0186 0.7165
vn 0.8550 0.0227 0.5181
vn 0.8621 0.0226 0.5063
vn 0.7957 0.0204 0.6054
vn 0.6370 0.0157 0.7707
vn 0.4451 0.0107 0.8954
vn 0.3275 0.0083 0.9448
vn 0.1939 0.0057 0.9810
vn -0.1376 -0.0024 0.9905
vn -0.5587 -0.0138 0.8293
vn -0.7660 -0.0200 0.6425
vn -0.8115 -0.0216 0.5839
vn -0.7364 -0.0198 0.6762
vn -0.3587 -0.0097 0.9334
vn 0.3713 0.0100 0.9285
vn 0.6723 0.0181 0.7401
vn 0.6984 0.0186 0.7154
vn 0.5817 0.0149 0.8133
vn 0.3765 0.0089 0.9264
vn 0.2690 0.0060 0.9631
vn 0.3201 0.0081 0.9473
vn 0.3420 0.0097 0.9397
vn 0.0950 0.0041 0.9955
vn 0.2612 0.0085 0.9653
vn -0.1990 -0.0040 0.9800
vn -0.6968 -0.0186 0.7170
vn -0.8610 -0.0239 0.5080
vn -0.8903 -0.0251 0.4546
vn -0.8377 -0.0237 0.5456
vn -0.4755 -0.0136 0.8796
vn 0.5305 0.0149 0.8476
vn 0.8336 0.0234 0.5519
vn 0.8799 0.0245 0.4746
vn 0.8617 0.0236 0.5068
vn 0.7927 0.0212 0.6092
vn 0.6703 0.0177 0.7419
vn 0.5011 0.0136 0.8653
vn 0.2128 0.0065 0.9771
vn -0.3084 -0.0074 0.9512
vn -0.7205 -0.0192 0.6932
vn -0.8618 -0.0237 0.5066
vn -0.8921 -0.0249 0.4512
vn -0.8550 -0.0241 0.5181
vn -0.6211 -0.0174 0.7835
vn 0.2356 0.0071 0.9718
vn 0.7116 0.0204 0.7022
vn 0.7801 0.0221 0.6253
vn 0.7028 0.0194 0.7111
vn 0.4722 0.0122 0.8814
vn 0.2187 0.0048 0.9758
vn 0.1889 0.0044 0.9820
vn 0.2946 0.0084 0.9556
vn 0.2804 0.0088 0.9599
vn -0.0502 -0.0001 0.9987
vn -0.5485 -0.0146 0.8360
vn -0.7736 -0.0216 0.6334
vn -0.8122 -0.0230 0.5829
vn -0.7099 -0.0203 0.7040
vn -0.2011 -0.0058 0.9796
vn 0.5495 0.0155 0.8354
vn 0.7751 0.0218 0.6314
vn 0.8056 0.0223 0.5921
vn 0.7601 0.0206 0.6495
vn 0.6668 0.0176 0.7450
vn 0.5695 0.0151 0.8218
vn 0.4621 0.0129 0.8868
vn 0.1879 0.0063 0.9822
vn -0.4028 -0.0097 0.9153
vn -0.7914 -0.0212 0.6109
vn -0.8987 -0.0248 0.4379
vn -0.9176 -0.0257 0.3968
vn -0.8796 -0.0248 0.4751
vn -0.6181 -0.0174 0.7859
vn 0.4205 0.0121 0.9072
vn 0.8150 0.0231 0.5790
vn 0.8681 0.0243 0.4959
vn 0.8372 0.0230 0.5464
vn 0.7236 0.0192 0.6900
vn 0.5304 0.0135 0.8476
vn 0.3745 0.0097 0.9272
vn 0.2717 0.0077 0.9623
vn 0.0499 0.0024 0.9988
vn -0.3755 -0.0095 0.9268
vn -0.6957 -0.0190 0.7181
vn -0.8040 -0.0225 0.5942
vn -0.7911 -0.0224 0.6113
vn -0.6004 -0.0170 0.7995
vn 0.0439 0.0014 0.9990
vn 0.5838 0.0168 0.8117
vn 0.7063 0.0201 0.7076
vn 0.6534 0.0181 0.7568
vn 0.4751 0.0124 0.8798
vn 0.2963 0.0071 0.9551
vn 0.2848 0.0072 0.9586
vn 0.3504 0.0100 0.9365
vn 0.2612 0.0085 0.9653
vn 0.3393 0.0100 0.9406
vn 0.0785 0.0003 0.9969
vn -0.4974 -0.0179 0.8673
vn -0.8079 -0.0258 0.5887
vn -0.8854 -0.0262 0.4641
vn -0.8773 -0.0237 0.4793
vn -0.7339 -0.0161 0.6791
vn 0.0612 0.0104 0.9981
vn 0.7497 0.0258 0.6613
vn 0.8687 0.0259 0.4946
vn 0.8767 0.0239 0.4804
vn 0.8336 0.0212 0.5520
vn 0.7365 0.0180 0.6762
vn 0.5913 0.0144 0.8063
vn 0.3800 0.0088 0.9249
vn -0.0303 -0.0036 0.9995
vn -0.5597 -0.0192 0.8285
vn -0.8141 -0.0255 0.5802
vn -0.8855 -0.0261 0.4640
vn -0.8836 -0.0241 0.4676
vn -0.7840 -0.0184 0.6204
vn -0.2517 0.0007 0.9678
vn 0.5683 0.0215 0.8225
vn 0.7692 0.0233 0.6386
vn 0.7580 0.0202 0.6520
vn 0.6046 0.0137 0.7964
vn 0.3258 0.0058 0.9454
vn 0.1729 0.0037 0.9849
vn 0.2421 0.0077 0.9702
vn 0.3163 0.0098 0.9486
vn 0.1598 0.0033 0.9871
vn -0.3221 -0.0125 0.9466
vn -0.6970 -0.0227 0.7167
vn -0.8085 -0.0241 0.5880
vn -0.7845 -0.0209 0.6198
vn -0.5347 -0.0104 0.8450
vn 0.2435 0.0133 0.9698
vn 0.7067 0.0233 0.7071
vn 0.8029 0.0233 0.5957
vn 0.7901 0.0210 0.6126
vn 0.7164 0.0180 0.6975
vn 0.6154 0.0155 0.7880
vn 0.5220 0.0137 0.8528
vn 0.3600 0.0089 0.9329
vn -0.0899 -0.0056 0.9959
vn -0.6529 -0.0222 0.7571
vn -0.8640 -0.0270 0.5027
vn -0.9147 -0.0268 0.4033
vn -0.9079 -0.0246 0.4185
vn -0.8064 -0.0184 0.5911
vn -0.1404 0.0055 0.9901
vn 0.7094 0.0255 0.7043
vn 0.8566 0.0258 0.5153
vn 0.8610 0.0234 0.5080
vn 0.7917 0.0195 0.6105
vn 0.6300 0.0143 0.7765
vn 0.4395 0.0102 0.8982
vn 0.3242 0.0084 0.9460
vn 0.1864 0.0045 0.9825
vn -0.1532 -0.0065 0.9882
vn -0.5700 -0.0191 0.8214
vn -0.7697 -0.0237 0.6380
vn -0.8111 -0.0231 0.5844
vn -0.7304 -0.0183 0.6828
vn -0.3351 -0.0038 0.9422
vn 0.3905 0.0162 0.9205
vn 0.6763 0.0211 0.7364
vn 0.6966 0.0190 0.7172
vn 0.5753 0.0137 0.8178
vn 0.3699 0.0078 0.9291
vn 0.2687 0.0067 0.9632
vn 0.3228 0.0098 0.9464
vn 0.3393 0.0100 0.9406
vn -0.1005 0.0066 -0.9949
vn -0.0220 0.0040 -0.9997
vn 0.1585 -0.0028 -0.9873
vn 0.3587 -0.0110 -0.9334
vn 0.4711 -0.0165 -0.8819
vn 0.4560 -0.0178 -0.8898
vn 0.2896 -0.0142 -0.9570
vn -0.0172 -0.0051 -0.9998
vn -0.3025 0.0047 -0.9531
vn -0.4413 0.0106 -0.8973
vn -0.4549 0.0128 -0.8904
vn -0.3894 0.0127 -0.9210
vn -0.2917 0.0118 -0.9564
vn -0.2011 0.0109 -0.9795
vn -0.1143 0.0094 -0.9934
vn 0.0085 0.0058 -0.9999
vn 0.1859 -0.0007 -0.9826
vn 0.3656 -0.0084 -0.9307
vn 0.4713 -0.0140 -0.8819
vn 0.4676 -0.0159 -0.8838
vn 0.3335 -0.0133 -0.9426
vn 0.0726 -0.0060 -0.9973
vn -0.1899 0.0023 -0.9818
vn -0.3196 0.0071 -0.9475
vn -0.3095 0.0076 -0.9509
vn -0.2079 0.0053 -0.9781
vn -0.0960 0.0029 -0.9954
vn -0.0491 0.0025 -0.9988
vn -0.0697 0.0041 -0.9976
vn -0.0930 0.0053 -0.9957
vn -0.0453 0.0038 -0.9990
vn 0.0948 -0.0014 -0.9955
vn 0.2627 -0.0080 -0.9648
vn 0.3593 -0.0125 -0.9332
vn 0.3340 -0.0129 -0.9425
vn 0.1745 -0.0087 -0.9846
vn -0.0701 -0.0011 -0.9975
vn -0.2695 0.0059 -0.9630
vn -0.3531 0.0096 -0.9355
vn -0.3396 0.0105 -0.9405
vn -0.2764 0.0101 -0.9610
vn -0.2136 0.0099 -0.9769
vn -0.1689 0.0100 -0.9856
vn -0.1074 0.0091 -0.9942
vn 0.0253 0.0048 -0.9997
vn 0.2347 -0.0032 -0.9721
vn 0.4336 -0.0118 -0.9010
vn 0.5359 -0.0175 -0.8441
vn 0.5191 -0.0192 -0.8545
vn 0.3568 -0.0161 -0.9340
vn 0.0397 -0.0072 -0.9992
vn -0.2714 0.0031 -0.9625
vn -0.4220 0.0092 -0.9066
vn -0.4287 0.0108 -0.9034
vn -0.3413 0.0097 -0.9399
vn -0.2215 0.0077 -0.9751
vn -0.1357 0.0066 -0.9907
vn -0.0955 0.0066 -0.9954
vn -0.0531 0.0058 -0.9986
vn 0.0434 0.0024 -0.9991
vn 0.1907 -0.0033 -0.9816
vn 0.3200 -0.0090 -0.9474
vn 0.3622 -0.0118 -0.9320
vn 0.2869 -0.0105 -0.9579
vn 0.0991 -0.0052 -0.9951
vn -0.1180 0.0016 -0.9930
vn -0.2490 0.0062 -0.9685
vn -0.2624 0.0072 -0.9649
vn -0.1932 0.0059 -0.9811
vn -0.1108 0.0043 -0.9938
vn -0.0779 0.0043 -0.9970
vn -0.0951 0.0058 -0.9955
vn -0.1005 0.0066 -0.9949
vn -0.0838 0.0095 -0.9964
vn 0.0630 0.0055 -0.9980
vn 0.2892 -0.0035 -0.9573
vn 0.4662 -0.0132 -0.8846
vn 0.5200 -0.0202 -0.8539
vn 0.4307 -0.0230 -0.9022
vn 0.1657 -0.0193 -0.9860
vn -0.1910 -0.0081 -0.9816
vn -0.4251 0.0032 -0.9052
vn -0.4994 0.0105 -0.8663
vn -0.4674 0.0143 -0.8840
vn -0.3750 0.0157 -0.9269
vn -0.2704 0.0161 -0.9626
vn -0.1772 0.0160 -0.9840
vn -0.0676 0.0145 -0.9976
vn 0.1003 0.0096 -0.9949
vn 0.3075 0.0008 -0.9515
vn 0.4675 -0.0088 -0.8839
vn 0.5236 -0.0160 -0.8518
vn 0.4565 -0.0193 -0.8895
vn 0.2393 -0.0171 -0.9708
vn -0.0752 -0.0085 -0.9971
vn -0.3005 0.0009 -0.9538
vn -0.3616 0.0063 -0.9323
vn -0.2937 0.0074 -0.9559
vn -0.1643 0.0056 -0.9864
vn -0.0695 0.0037 -0.9976
vn -0.0597 0.0041 -0.9982
vn -0.0954 0.0063 -0.9954
vn -0.0904 0.0075 -0.9959
vn 0.0156 0.0049 -0.9999
vn 0.1999 -0.0019 -0.9798
vn 0.3550 -0.0099 -0.9348
vn 0.3975 -0.0153 -0.9175
vn 0.2991 -0.0163 -0.9541
vn 0.0637 -0.0114 -0.9979
vn -0.2004 -0.0024 -0.9797
vn -0.3566 0.0056 -0.9342
vn -0.3896 0.0104 -0.9209
vn -0.3419 0.0126 -0.9396
vn -0.2681 0.0134 -0.9633
vn -0.2106 0.0142 -0.9775
vn -0.1599 0.0150 -0.9870
vn -0.0594 0.0137 -0.9981
vn 0.1356 0.0077 -0.9907
vn 0.3736 -0.0028 -0.9276
vn 0.5379 -0.0133 -0.8429
vn 0.5837 -0.0207 -0.8117
vn 0.4987 -0.0244 -0.8664
vn 0.2375 -0.0217 -0.9711
vn -0.1427 -0.0109 -0.9897
vn -0.4009 0.0010 -0.9161
vn -0.4781 0.0082 -0.8783
vn -0.4301 0.0111 -0.9027
vn -0.3100 0.0111 -0.9507
vn -0.1910 0.0100 -0.9815
vn -0.1246 0.0098 -0.9922
vn -0.0874 0.0101 -0.9961
vn -0.0155 0.0088 -0.9998
vn 0.1250 0.0041 -0.9921
vn 0.2884 -0.0033 -0.9575
vn 0.3878 -0.0102 -0.9217
vn 0.3733 -0.0139 -0.9276
vn 0.2274 -0.0129 -0.9737
vn -0.0136 -0.0067 -0.9999
vn -0.2182 0.0010 -0.9759
vn -0.2964 0.0062 -0.9550
vn -0.2593 0.0078 -0.9658
vn -0.1656 0.0069 -0.9862
vn -0.0960 0.0059 -0.9954
vn -0.0920 0.0068 -0.9957
vn -0.1156 0.0089 -0.9933
vn -0.0838 0.0095 -0.9964
vn -0.0374 0.0137 -0.9992
vn 0.2095 0.0058 -0.9778
vn 0.4672 -0.0071 -0.8841
vn 0.5973 -0.0189 -0.8018
vn 0.5864 -0.0276 -0.8096
vn 0.4011 -0.0320 -0.9155
vn -0.0076 -0.0258 -0.9996
vn -0.3969 -0.0099 -0.9178
vn -0.5649 0.0035 -0.8251
vn -0.5834 0.0123 -0.8121
vn -0.5134 0.0180 -0.8580
vn -0.3973 0.0217 -0.9174
vn -0.2804 0.0239 -0.9596
vn -0.1638 0.0248 -0.9862
vn 0.0044 0.0222 -0.9997
vn 0.2472 0.0134 -0.9689
vn 0.4760 0.0003 -0.8794
vn 0.5974 -0.0118 -0.8018
vn 0.5979 -0.0208 -0.8013
vn 0.4528 -0.0256 -0.8913
vn 0.1158 -0.0223 -0.9930
vn -0.2519 -0.0104 -0.9677
vn -0.4250 0.0005 -0.9052
vn -0.4179 0.0064 -0.9085
vn -0.2913 0.0076 -0.9566
vn -0.1383 0.0061 -0.9904
vn -0.0691 0.0055 -0.9976
vn -0.0957 0.0075 -0.9954
vn -0.1298 0.0105 -0.9915
vn -0.0681 0.0108 -0.9976
vn 0.1240 0.0054 -0.9923
vn 0.3500 -0.0048 -0.9367
vn 0.4731 -0.0146 -0.8809
vn 0.4487 -0.0210 -0.8935
vn 0.2513 -0.0218 -0.9677
vn -0.0860 -0.0142 -0.9962
vn -0.3587 -0.0023 -0.9335
vn -0.4663 0.0072 -0.8846
vn -0.4536 0.0132 -0.8911
vn -0.3769 0.0169 -0.9261
vn -0.2954 0.0196 -0.9552
vn -0.2356 0.0222 -0.9716
vn -0.1540 0.0235 -0.9878
vn 0.0267 0.0204 -0.9994
vn 0.3103 0.0096 -0.9506
vn 0.5530 -0.0053 -0.8331
vn 0.6632 -0.0179 -0.7483
vn 0.6509 -0.0275 -0.7587
vn 0.4820 -0.0335 -0.8756
vn 0.0730 -0.0295 -0.9969
vn -0.3568 -0.0137 -0.9341
vn -0.5436 0.0003 -0.8393
vn -0.5557 0.0086 -0.8314
vn -0.4584 0.0127 -0.8886
vn -0.3086 0.0140 -0.9511
vn -0.1915 0.0144 -0.9814
vn -0.1348 0.0155 -0.9908
vn -0.0773 0.0160 -0.9969
vn 0.0544 0.0130 -0.9984
vn 0.2556 0.0050 -0.9668
vn 0.4239 -0.0054 -0.9057
vn 0.4788 -0.0138 -0.8778
vn 0.3930 -0.0182 -0.9194
vn 0.1491 -0.0162 -0.9887
vn -0.1551 -0.0076 -0.9879
vn -0.3358 0.0017 -0.9419
vn -0.3578 0.0074 -0.9338
vn -0.2703 0.0092 -0.9627
vn -0.1575 0.0089 -0.9875
vn -0.1090 0.0093 -0.9940
vn -0.1315 0.0118 -0.9913
vn -0.1414 0.0145 -0.9898
vn -0.0374 0.0137 -0.9992
vn 0.0730 0.0144 -0.9972
vn 0.4146 0.0017 -0.9100
vn 0.6405 -0.0127 -0.7679
vn 0.7056 -0.0241 -0.7082
vn 0.6307 -0.0334 -0.7753
vn 0.3114 -0.0377 -0.9495
vn -0.2576 -0.0248 -0.9659
vn -0.5930 -0.0057 -0.8052
vn -0.6839 0.0070 -0.7296
vn -0.6597 0.0156 -0.7514
vn -0.5625 0.0219 -0.8265
vn -0.4292 0.0265 -0.9028
vn -0.2948 0.0296 -0.9551
vn -0.1292 0.0301 -0.9912
vn 0.1338 0.0245 -0.9907
vn 0.4424 0.0109 -0.8967
vn 0.6426 -0.0043 -0.7662
vn 0.7081 -0.0163 -0.7059
vn 0.6545 -0.0253 -0.7557
vn 0.4097 -0.0300 -0.9117
vn -0.0773 -0.0226 -0.9968
vn -0.4394 -0.0074 -0.8983
vn -0.5358 0.0029 -0.8443
vn -0.4619 0.0078 -0.8869
vn -0.2805 0.0082 -0.9598
vn -0.1215 0.0067 -0.9926
vn -0.0938 0.0074 -0.9956
vn -0.1500 0.0107 -0.9886
vn -0.1534 0.0136 -0.9881
vn 0.0026 0.0117 -0.9999
vn 0.2900 0.0024 -0.9570
vn 0.5145 -0.0097 -0.8575
vn 0.5795 -0.0194 -0.8148
vn 0.4756 -0.0255 -0.8793
vn 0.1442 -0.0243 -0.9892
vn -0.2856 -0.0120 -0.9583
vn -0.5183 0.0012 -0.8552
vn -0.5697 0.0104 -0.8218
vn -0.5186 0.0166 -0.8548
vn -0.4225 0.0209 -0.9061
vn -0.3382 0.0246 -0.9407
vn -0.2644 0.0279 -0.9640
vn -0.1174 0.0285 -0.9927
vn 0.1846 0.0213 -0.9826
vn 0.5252 0.0052 -0.8510
vn 0.7123 -0.0106 -0.7018
vn 0.7618 -0.0227 -0.6474
vn 0.6982 -0.0329 -0.7151
vn 0.4150 -0.0399 -0.9090
vn -0.1776 -0.0298 -0.9837
vn -0.5637 -0.0097 -0.8259
vn -0.6633 0.0033 -0.7483
vn -0.6230 0.0109 -0.7822
vn -0.4857 0.0150 -0.8740
vn -0.3161 0.0167 -0.9486
vn -0.2071 0.0180 -0.9781
vn -0.1481 0.0196 -0.9888
vn -0.0407 0.0192 -0.9990
vn 0.1778 0.0132 -0.9840
vn 0.4233 0.0018 -0.9060
vn 0.5607 -0.0095 -0.8280
vn 0.5570 -0.0178 -0.8303
vn 0.3827 -0.0214 -0.9236
vn 0.0149 -0.0165 -0.9998
vn -0.3227 -0.0050 -0.9465
vn -0.4497 0.0044 -0.8931
vn -0.4111 0.0094 -0.9116
vn -0.2777 0.0108 -0.9606
vn -0.1615 0.0107 -0.9868
vn -0.1462 0.0123 -0.9892
vn -0.1848 0.0159 -0.9826
vn -0.1477 0.0182 -0.9889
vn 0.0730 0.0144 -0.9972
vn 0.2522 0.0113 -0.9676
vn 0.6110 -0.0037 -0.7916
vn 0.7612 -0.0162 -0.6483
vn 0.7734 -0.0260 -0.6334
vn 0.6366 -0.0356 -0.7704
vn 0.1253 -0.0377 -0.9914
vn -0.5110 -0.0176 -0.8594
vn -0.7301 -0.0004 -0.6833
vn -0.7642 0.0098 -0.6449
vn -0.7146 0.0174 -0.6993
vn -0.6019 0.0236 -0.7983
vn -0.4573 0.0285 -0.8889
vn -0.2965 0.0318 -0.9545
vn -0.0528 0.0310 -0.9981
vn 0.3160 0.0213 -0.9485
vn 0.6252 0.0051 -0.7804
vn 0.7613 -0.0085 -0.6483
vn 0.7798 -0.0186 -0.6257
vn 0.6785 -0.0271 -0.7341
vn 0.2989 -0.0307 -0.9538
vn -0.3109 -0.0178 -0.9503
vn -0.5898 -0.0030 -0.8075
vn -0.6132 0.0052 -0.7899
vn -0.4822 0.0085 -0.8760
vn -0.2592 0.0080 -0.9658
vn -0.1189 0.0070 -0.9929
vn -0.1409 0.0089 -0.9900
vn -0.2063 0.0127 -0.9784
vn -0.1450 0.0146 -0.9893
vn 0.1328 0.0097 -0.9911
vn 0.4742 -0.0020 -0.8804
vn 0.6466 -0.0133 -0.7627
vn 0.6505 -0.0217 -0.7592
vn 0.4576 -0.0270 -0.8887
vn -0.0367 -0.0222 -0.9991
vn -0.4844 -0.0070 -0.8748
vn -0.6426 0.0049 -0.7662
vn -0.6477 0.0126 -0.7618
vn -0.5716 0.0183 -0.8203
vn -0.4675 0.0228 -0.8837
vn -0.3823 0.0269 -0.9236
vn -0.2770 0.0302 -0.9604
vn -0.0260 0.0290 -0.9992
vn 0.3971 0.0168 -0.9176
vn 0.7029 -0.0008 -0.7113
vn 0.8146 -0.0141 -0.5799
vn 0.8217 -0.0245 -0.5695
vn 0.7127 -0.0350 -0.7006
vn 0.2589 -0.0412 -0.9650
vn -0.4504 -0.0227 -0.8926
vn -0.7097 -0.0040 -0.7045
vn -0.7431 0.0062 -0.6692
vn -0.6680 0.0124 -0.7441
vn -0.5025 0.0160 -0.8644
vn -0.3271 0.0179 -0.9448
vn -0.2288 0.0196 -0.9733
vn -0.1485 0.0211 -0.9887
vn 0.0383 0.0190 -0.9991
vn 0.3420 0.0099 -0.9396
vn 0.5803 -0.0025 -0.8144
vn 0.6643 -0.0126 -0.7473
vn 0.6027 -0.0197 -0.7977
vn 0.3211 -0.0218 -0.9468
vn -0.1694 -0.0133 -0.9855
vn -0.4768 -0.0011 -0.8790
vn -0.5371 0.0067 -0.8435
vn -0.4444 0.0105 -0.8957
vn -0.2787 0.0112 -0.9603
vn -0.1795 0.0116 -0.9837
vn -0.2014 0.0143 -0.9794
vn -0.2332 0.0181 -0.9723
vn -0.1104 0.0190 -0.9937
vn 0.2522 0.0113 -0.9676
vn 0.4484 0.0064 -0.8938
vn 0.7441 -0.0067 -0.6681
vn 0.8304 -0.0161 -0.5570
vn 0.8093 -0.0243 -0.5870
vn 0.6035 -0.0338 -0.7966
vn -0.1338 -0.0311 -0.9905
vn -0.6848 -0.0098 -0.7286
vn -0.8096 0.0027 -0.5870
vn -0.8127 0.0103 -0.5825
vn -0.7503 0.0166 -0.6609
vn -0.6301 0.0222 -0.7762
vn -0.4769 0.0269 -0.8786
vn -0.2787 0.0298 -0.9599
vn 0.0644 0.0274 -0.9975
vn 0.4990 0.0149 -0.8665
vn 0.7497 0.0005 -0.6618
vn 0.8308 -0.0099 -0.5566
vn 0.8197 -0.0179 -0.5725
vn 0.6726 -0.0255 -0.7396
vn 0.1218 -0.0268 -0.9922
vn -0.5079 -0.0113 -0.8613
vn -0.6868 0.0002 -0.7268
vn -0.6589 0.0059 -0.7522
vn -0.4830 0.0079 -0.8756
vn -0.2367 0.0070 -0.9716
vn -0.1335 0.0067 -0.9910
vn -0.1983 0.0093 -0.9801
vn -0.2478 0.0128 -0.9687
vn -0.0974 0.0132 -0.9952
vn 0.2955 0.0062 -0.9553
vn 0.6213 -0.0050 -0.7835
vn 0.7314 -0.0138 -0.6818
vn 0.6871 -0.0207 -0.7263
vn 0.3924 -0.0250 -0.9194
vn -0.2502 -0.0166 -0.9681
vn -0.6307 -0.0024 -0.7760
vn -0.7236 0.0065 -0.6902
vn -0.6999 0.0126 -0.7141
vn -0.6111 0.0174 -0.7913
vn -0.5071 0.0216 -0.8616
vn -0.4180 0.0256 -0.9081
vn -0.2632 0.0284 -0.9643
vn 0.1173 0.0250 -0.9928
vn 0.5900 0.0100 -0.8073
vn 0.8104 -0.0045 -0.5859
vn 0.8704 -0.0143 -0.4922
vn 0.8532 -0.0228 -0.5210
vn 0.6964 -0.0331 -0.7169
vn 0.0154 -0.0359 -0.9992
vn -0.6461 -0.0138 -0.7631
vn -0.7940 -0.0002 -0.6079
vn -0.7902 0.0071 -0.6127
vn -0.6940 0.0120 -0.7199
vn -0.5116 0.0151 -0.8591
vn -0.3408 0.0169 -0.9400
vn -0.2482 0.0188 -0.9685
vn -0.1277 0.0197 -0.9916
vn 0.1529 0.0159 -0.9881
vn 0.5008 0.0055 -0.8655
vn 0.6923 -0.0051 -0.7216
vn 0.7290 -0.0129 -0.6843
vn 0.6165 -0.0187 -0.7871
vn 0.2094 -0.0192 -0.9776
vn -0.3530 -0.0086 -0.9356
vn -0.5885 0.0016 -0.8085
vn -0.5937 0.0074 -0.8046
vn -0.4600 0.0100 -0.8879
vn -0.2792 0.0104 -0.9602
vn -0.2108 0.0113 -0.9775
vn -0.2605 0.0143 -0.9654
vn -0.2607 0.0176 -0.9652
vn -0.0237 0.0168 -0.9996
vn 0.4484 0.0064 -0.8938
vn 0.5970 0.0025 -0.8022
vn 0.8174 -0.0065 -0.5761
vn 0.8669 -0.0128 -0.4983
vn 0.8257 -0.0191 -0.5637
vn 0.5419 -0.0273 -0.8400
vn -0.3670 -0.0206 -0.9300
vn -0.7790 -0.0047 -0.6270
vn -0.8523 0.0033 -0.5230
vn -0.8407 0.0085 -0.5414
vn -0.7725 0.0131 -0.6349
vn -0.6494 0.0176 -0.7603
vn -0.4880 0.0214 -0.8726
vn -0.2461 0.0237 -0.9690
vn 0.1927 0.0202 -0.9811
vn 0.6317 0.0087 -0.7751
vn 0.8195 -0.0015 -0.5731
vn 0.8681 -0.0084 -0.4964
vn 0.8401 -0.0142 -0.5423
vn 0.6469 -0.0204 -0.7623
vn -0.0718 -0.0193 -0.9972
vn -0.6328 -0.0061 -0.7743
vn -0.7423 0.0013 -0.6701
vn -0.6829 0.0050 -0.7305
vn -0.4744 0.0061 -0.8803
vn -0.2215 0.0053 -0.9751
vn -0.1587 0.0055 -0.9873
vn -0.2499 0.0080 -0.9682
vn -0.2688 0.0105 -0.9632
vn -0.0254 0.0099 -0.9996
vn 0.4389 0.0029 -0.8985
vn 0.7137 -0.0053 -0.7005
vn 0.7796 -0.0113 -0.6262
vn 0.7007 -0.0165 -0.7133
vn 0.2972 -0.0195 -0.9546
vn -0.4255 -0.0103 -0.9049
vn -0.7186 -0.0001 -0.6954
vn -0.7715 0.0059 -0.6362
vn -0.7327 0.0102 -0.6804
vn -0.6393 0.0139 -0.7689
vn -0.5385 0.0172 -0.8425
vn -0.4413 0.0205 -0.8971
vn -0.2279 0.0226 -0.9734
vn 0.2705 0.0177 -0.9626
vn 0.7149 0.0048 -0.6992
vn 0.8662 -0.0049 -0.4996
vn 0.8992 -0.0115 -0.4373
vn 0.8684 -0.0179 -0.4955
vn 0.6582 -0.0269 -0.7523
vn -0.2323 -0.0251 -0.9723
vn -0.7534 -0.0073 -0.6576
vn -0.8391 0.0012 -0.5440
vn -0.8168 0.0061 -0.5769
vn -0.7082 0.0095 -0.7059
vn -0.5175 0.0119 -0.8556
vn -0.3551 0.0135 -0.9347
vn -0.2606 0.0151 -0.9653
vn -0.0906 0.0155 -0.9958
vn 0.2715 0.0111 -0.9624
vn 0.6159 0.0023 -0.7878
vn 0.7595 -0.0051 -0.6505
vn 0.7652 -0.0106 -0.6437
vn 0.6090 -0.0149 -0.7930
vn 0.0771 -0.0140 -0.9969
vn -0.4890 -0.0046 -0.8723
vn -0.6578 0.0024 -0.7532
vn -0.6266 0.0062 -0.7793
vn -0.4656 0.0079 -0.8850
vn -0.2835 0.0082 -0.9589
vn -0.2469 0.0093 -0.9690
vn -0.3093 0.0119 -0.9509
vn -0.2654 0.0142 -0.9640
vn 0.0885 0.0123 -0.9960
vn 0.5970 0.0025 -0.8022
vn 0.6796 0.0007 -0.7336
vn 0.8527 -0.0038 -0.5224
vn 0.8848 -0.0071 -0.4659
vn 0.8323 -0.0107 -0.5542
vn 0.4788 -0.0158 -0.8778
vn -0.5056 -0.0101 -0.8627
vn -0.8235 -0.0019 -0.5673
vn -0.8736 0.0020 -0.4866
vn -0.8557 0.0048 -0.5174
vn -0.7854 0.0073 -0.6189
vn -0.6615 0.0099 -0.7499
vn -0.4933 0.0122 -0.8698
vn -0.2140 0.0135 -0.9767
vn 0.2892 0.0108 -0.9572
vn 0.7047 0.0040 -0.7095
vn 0.8536 -0.0012 -0.5209
vn 0.8865 -0.0048 -0.4627
vn 0.8496 -0.0079 -0.5274
vn 0.6185 -0.0117 -0.7857
vn -0.2118 -0.0100 -0.9773
vn -0.6971 -0.0027 -0.7170
vn -0.7708 0.0009 -0.6371
vn -0.6946 0.0028 -0.7194
vn -0.4664 0.0033 -0.8846
vn -0.2152 0.0029 -0.9766
vn -0.1818 0.0033 -0.9833
vn -0.2846 0.0047 -0.9586
vn -0.2750 0.0060 -0.9614
vn 0.0392 0.0053 -0.9992
vn 0.5292 0.0010 -0.8485
vn 0.7617 -0.0033 -0.6479
vn 0.8040 -0.0064 -0.5946
vn 0.7032 -0.0093 -0.7110
vn 0.2109 -0.0108 -0.9775
vn -0.5289 -0.0049 -0.8487
vn -0.7637 0.0004 -0.6456
vn -0.7970 0.0034 -0.6040
vn -0.7515 0.0057 -0.6597
vn -0.6572 0.0078 -0.7536
vn -0.5592 0.0098 -0.8290
vn -0.4536 0.0117 -0.8912
vn -0.1906 0.0128 -0.9816
vn 0.3809 0.0092 -0.9246
vn 0.7781 0.0019 -0.6281
vn 0.8925 -0.0030 -0.4511
vn 0.9133 -0.0064 -0.4073
vn 0.8751 -0.0100 -0.4838
vn 0.6176 -0.0156 -0.7864
vn -0.3929 -0.0127 -0.9195
vn -0.8038 -0.0032 -0.5948
vn -0.8614 0.0009 -0.5080
vn -0.8307 0.0034 -0.5567
vn -0.7159 0.0053 -0.6981
vn -0.5223 0.0067 -0.8527
vn -0.3665 0.0077 -0.9304
vn -0.2663 0.0087 -0.9639
vn -0.0547 0.0087 -0.9985
vn 0.3572 0.0057 -0.9340
vn 0.6806 0.0007 -0.7326
vn 0.7943 -0.0031 -0.6075
vn 0.7833 -0.0060 -0.6216
vn 0.5954 -0.0084 -0.8034
vn -0.0276 -0.0075 -0.9996
vn -0.5665 -0.0020 -0.8241
vn -0.6948 0.0015 -0.7192
vn -0.6440 0.0035 -0.7650
vn -0.4678 0.0044 -0.8838
vn -0.2900 0.0046 -0.9570
vn -0.2755 0.0054 -0.9613
vn -0.3403 0.0069 -0.9403
vn -0.2582 0.0081 -0.9661
vn 0.1814 0.0065 -0.9834
vn 0.6796 0.0007 -0.7336
vn 0.7056 0.0011 -0.7087
vn 0.8634 0.0002 -0.5046
vn 0.8904 -0.0006 -0.4552
vn 0.8342 -0.0017 -0.5514
vn 0.4519 -0.0036 -0.8921
vn -0.5495 -0.0034 -0.8355
vn -0.8368 -0.0017 -0.5475
vn -0.8803 -0.0007 -0.4744
vn -0.8607 0.0001 -0.5091
vn -0.7900 0.0009 -0.6130
vn -0.6661 0.0018 -0.7458
vn -0.4952 0.0026 -0.8688
vn -0.2008 0.0033 -0.9796
vn 0.3247 0.0032 -0.9458
vn 0.7277 0.0020 -0.6859
vn 0.8640 0.0008 -0.5035
vn 0.8923 -0.0000 -0.4515
vn 0.8526 -0.0009 -0.5225
vn 0.6065 -0.0023 -0.7951
vn -0.2612 -0.0030 -0.9653
vn -0.7169 -0.0017 -0.6971
vn -0.7799 -0.0009 -0.6259
vn -0.6985 -0.0003 -0.7156
vn -0.4637 0.0003 -0.8860
vn -0.2141 0.0006 -0.9768
vn -0.1913 0.0007 -0.9815
vn -0.2970 0.0009 -0.9549
vn -0.2760 0.0012 -0.9612
vn 0.0651 0.0014 -0.9979
vn 0.5595 0.0010 -0.8288
vn 0.7768 0.0002 -0.6298
vn 0.8118 -0.0005 -0.5839
vn 0.7033 -0.0015 -0.7108
vn 0.1762 -0.0026 -0.9844
vn -0.5623 -0.0020 -0.8270
vn -0.7778 -0.0010 -0.6285
vn -0.8053 -0.0002 -0.5928
vn -0.7581 0.0005 -0.6522
vn -0.6639 0.0012 -0.7478
vn -0.5669 0.0019 -0.8238
vn -0.4576 0.0025 -0.8891
vn -0.1747 0.0032 -0.9846
vn 0.4201 0.0029 -0.9075
vn 0.7973 0.0015 -0.6036
vn 0.9003 0.0004 -0.4352
vn 0.9177 -0.0004 -0.3973
vn 0.8772 -0.0014 -0.4801
vn 0.6001 -0.0034 -0.7999
vn -0.4455 -0.0039 -0.8953
vn -0.8189 -0.0020 -0.5740
vn -0.8684 -0.0010 -0.4959
vn -0.8354 -0.0003 -0.5496
vn -0.7189 0.0005 -0.6951
vn -0.5247 0.0012 -0.8513
vn -0.3713 0.0016 -0.9285
vn -0.2679 0.0020 -0.9634
vn -0.0399 0.0022 -0.9992
vn 0.3882 0.0020 -0.9216
vn 0.7014 0.0011 -0.7127
vn 0.8053 0.0003 -0.5928
vn 0.7891 -0.0005 -0.6142
vn 0.5894 -0.0014 -0.8078
vn -0.0669 -0.0021 -0.9978
vn -0.5916 -0.0014 -0.8063
vn -0.7069 -0.0006 -0.7073
vn -0.6499 0.0000 -0.7600
vn -0.4689 0.0006 -0.8833
vn -0.2934 0.0009 -0.9560
vn -0.2867 0.0011 -0.9580
vn -0.3512 0.0014 -0.9363
vn -0.2538 0.0018 -0.9673
vn 0.2171 0.0019 -0.9761
vn 0.7056 0.0011 -0.7087
vn 0.6910 0.0035 -0.7228
vn 0.8599 0.0047 -0.5105
vn 0.8907 0.0051 -0.4545
vn 0.8403 0.0049 -0.5422
vn 0.4905 0.0030 -0.8714
vn -0.5175 -0.0027 -0.8557
vn -0.8317 -0.0046 -0.5552
vn -0.8800 -0.0049 -0.4750
vn -0.8628 -0.0048 -0.5056
vn -0.7947 -0.0043 -0.6069
vn -0.6732 -0.0036 -0.7395
vn -0.5051 -0.0028 -0.8631
vn -0.2206 -0.0015 -0.9754
vn 0.2976 0.0012 -0.9547
vn 0.7158 0.0037 -0.6983
vn 0.8607 0.0047 -0.5090
vn 0.8923 0.0050 -0.4513
vn 0.8569 0.0049 -0.5155
vn 0.6305 0.0037 -0.7762
vn -0.2183 -0.0012 -0.9759
vn -0.7082 -0.0041 -0.7060
vn -0.7805 -0.0045 -0.6252
vn -0.7058 -0.0040 -0.7084
vn -0.4779 -0.0025 -0.8784
vn -0.2218 -0.0009 -0.9751
vn -0.1874 -0.0008 -0.9823
vn -0.2929 -0.0016 -0.9561
vn -0.2831 -0.0019 -0.9591
vn 0.0405 -0.0002 -0.9992
vn 0.5412 0.0027 -0.8409
vn 0.7716 0.0043 -0.6360
vn 0.8128 0.0047 -0.5825
vn 0.7143 0.0042 -0.6998
vn 0.2173 0.0015 -0.9761
vn -0.5409 -0.0030 -0.8411
vn -0.7736 -0.0043 -0.6337
vn -0.8060 -0.0045 -0.5919
vn -0.7617 -0.0042 -0.6479
vn -0.6689 -0.0035 -0.7433
vn -0.5713 -0.0030 -0.8207
vn -0.4650 -0.0026 -0.8853
vn -0.1965 -0.0015 -0.9805
vn 0.3912 0.0017 -0.9203
vn 0.7877 0.0041 -0.6161
vn 0.8980 0.0049 -0.4399
vn 0.9179 0.0052 -0.3967
vn 0.8815 0.0051 -0.4722
vn 0.6296 0.0038 -0.7769
vn -0.4035 -0.0021 -0.9150
vn -0.8126 -0.0046 -0.5827
vn -0.8682 -0.0049 -0.4962
vn -0.8387 -0.0047 -0.5446
vn -0.7268 -0.0039 -0.6868
vn -0.5343 -0.0027 -0.8453
vn -0.3766 -0.0019 -0.9264
vn -0.2741 -0.0016 -0.9617
vn -0.0564 -0.0006 -0.9984
vn 0.3671 0.0017 -0.9302
vn 0.6920 0.0037 -0.7219
vn 0.8034 0.0045 -0.5954
vn 0.7927 0.0046 -0.6096
vn 0.6075 0.0036 -0.7943
vn -0.0285 -0.0000 -0.9996
vn -0.5786 -0.0033 -0.8156
vn -0.7060 -0.0041 -0.7082
vn -0.6558 -0.0037 -0.7549
vn -0.4793 -0.0025 -0.8776
vn -0.2984 -0.0014 -0.9544
vn -0.2836 -0.0014 -0.9589
vn -0.3499 -0.0020 -0.9368
vn -0.2659 -0.0018 -0.9640
vn 0.1870 0.0005 -0.9824
vn 0.6910 0.0035 -0.7228
vn 0.6425 0.0063 -0.7662
vn 0.8478 0.0091 -0.5303
vn 0.8907 0.0099 -0.4544
vn 0.8552 0.0097 -0.5182
vn 0.5879 0.0070 -0.8089
vn -0.4063 -0.0041 -0.9137
vn -0.8137 -0.0089 -0.5812
vn -0.8782 -0.0096 -0.4782
vn -0.8682 -0.0094 -0.4961
vn -0.8079 -0.0086 -0.5893
vn -0.6934 -0.0072 -0.7205
vn -0.5331 -0.0057 -0.8460
vn -0.2751 -0.0034 -0.9614
vn 0.2161 0.0016 -0.9764
vn 0.6764 0.0068 -0.7365
vn 0.8496 0.0090 -0.5274
vn 0.8917 0.0098 -0.4525
vn 0.8677 0.0097 -0.4971
vn 0.6910 0.0079 -0.7228
vn -0.0808 -0.0007 -0.9967
vn -0.6774 -0.0076 -0.7356
vn -0.7804 -0.0088 -0.6252
vn -0.7252 -0.0080 -0.6885
vn -0.5190 -0.0054 -0.8547
vn -0.2480 -0.0021 -0.9688
vn -0.1782 -0.0014 -0.9840
vn -0.2792 -0.0030 -0.9602
vn -0.2999 -0.0038 -0.9540
vn -0.0286 -0.0011 -0.9996
vn 0.4821 0.0047 -0.8761
vn 0.7540 0.0081 -0.6568
vn 0.8142 0.0091 -0.5805
vn 0.7420 0.0085 -0.6704
vn 0.3310 0.0041 -0.9436
vn -0.4681 -0.0050 -0.8836
vn -0.7586 -0.0083 -0.6516
vn -0.8070 -0.0088 -0.5905
vn -0.7717 -0.0083 -0.6360
vn -0.6837 -0.0071 -0.7297
vn -0.5844 -0.0060 -0.8115
vn -0.4847 -0.0053 -0.8746
vn -0.2551 -0.0034 -0.9669
vn 0.3019 0.0023 -0.9533
vn 0.7552 0.0076 -0.6555
vn 0.8901 0.0095 -0.4557
vn 0.9181 0.0101 -0.3962
vn 0.8921 0.0100 -0.4517
vn 0.7020 0.0081 -0.7121
vn -0.2599 -0.0026 -0.9656
vn -0.7905 -0.0087 -0.6124
vn -0.8667 -0.0096 -0.4987
vn -0.8473 -0.0093 -0.5311
vn -0.7490 -0.0079 -0.6626
vn -0.5631 -0.0057 -0.8264
vn -0.3935 -0.0039 -0.9193
vn -0.2910 -0.0032 -0.9567
vn -0.1020 -0.0017 -0.9948
vn 0.3029 0.0026 -0.9530
vn 0.6610 0.0069 -0.7504
vn 0.7961 0.0087 -0.6051
vn 0.8012 0.0090 -0.5983
vn 0.6544 0.0075 -0.7561
vn 0.0868 0.0012 -0.9962
vn -0.5340 -0.0059 -0.8455
vn -0.7013 -0.0079 -0.7128
vn -0.6714 -0.0074 -0.7410
vn -0.5099 -0.0054 -0.8602
vn -0.3161 -0.0029 -0.9487
vn -0.2759 -0.0026 -0.9612
vn -0.3441 -0.0038 -0.9389
vn -0.2963 -0.0038 -0.9551
vn 0.0996 0.0001 -0.9950
vn 0.6425 0.0063 -0.7662
vn 0.5448 0.0075 -0.8385
vn 0.8217 0.0126 -0.5697
vn 0.8879 0.0142 -0.4599
vn 0.8724 0.0142 -0.4886
vn 0.7003 0.0118 -0.7138
vn -0.1723 -0.0022 -0.9850
vn -0.7726 -0.0122 -0.6348
vn -0.8725 -0.0139 -0.4884
vn -0.8748 -0.0138 -0.4842
vn -0.8268 -0.0128 -0.5624
vn -0.7245 -0.0110 -0.6892
vn -0.5750 -0.0088 -0.8181
vn -0.3520 -0.0059 -0.9360
vn 0.0834 0.0003 -0.9965
vn 0.5978 0.0085 -0.8016
vn 0.8262 0.0126 -0.5632
vn 0.8881 0.0140 -0.4594
vn 0.8801 0.0142 -0.4746
vn 0.7622 0.0125 -0.6472
vn 0.1570 0.0028 -0.9876
vn -0.6069 -0.0098 -0.7947
vn -0.7743 -0.0126 -0.6327
vn -0.7501 -0.0121 -0.6613
vn -0.5812 -0.0090 -0.8137
vn -0.3008 -0.0040 -0.9537
vn -0.1719 -0.0019 -0.9851
vn -0.2534 -0.0038 -0.9673
vn -0.3145 -0.0055 -0.9493
vn -0.1258 -0.0030 -0.9921
vn 0.3718 0.0050 -0.9283
vn 0.7164 0.0111 -0.6976
vn 0.8116 0.0131 -0.5841
vn 0.7746 0.0128 -0.6323
vn 0.4837 0.0083 -0.8752
vn -0.3174 -0.0047 -0.9483
vn -0.7249 -0.0115 -0.6887
vn -0.8051 -0.0128 -0.5930
vn -0.7855 -0.0123 -0.6188
vn -0.7071 -0.0107 -0.7070
vn -0.6062 -0.0091 -0.7953
vn -0.5120 -0.0080 -0.8589
vn -0.3332 -0.0059 -0.9428
vn 0.1512 0.0011 -0.9885
vn 0.6874 0.0099 -0.7262
vn 0.8731 0.0134 -0.4874
vn 0.9163 0.0145 -0.4001
vn 0.9044 0.0146 -0.4265
vn 0.7827 0.0129 -0.6222
vn 0.0200 0.0008 -0.9998
vn -0.7388 -0.0118 -0.6738
vn -0.8608 -0.0138 -0.5088
vn -0.8579 -0.0136 -0.5137
vn -0.7804 -0.0121 -0.6251
vn -0.6106 -0.0090 -0.7919
vn -0.4250 -0.0061 -0.9052
vn -0.3150 -0.0049 -0.9491
vn -0.1645 -0.0032 -0.9864
vn 0.1965 0.0021 -0.9805
vn 0.5996 0.0089 -0.8002
vn 0.7790 0.0122 -0.6269
vn 0.8096 0.0131 -0.5868
vn 0.7120 0.0118 -0.7020
vn 0.2673 0.0046 -0.9636
vn -0.4390 -0.0070 -0.8984
vn -0.6859 -0.0112 -0.7276
vn -0.6908 -0.0111 -0.7229
vn -0.5571 -0.0086 -0.8304
vn -0.3525 -0.0049 -0.9358
vn -0.2690 -0.0036 -0.9631
vn -0.3299 -0.0051 -0.9440
vn -0.3302 -0.0059 -0.9439
vn -0.0307 -0.0018 -0.9995
vn 0.5448 0.0075 -0.8385
vn 0.3772 0.0061 -0.9261
vn 0.7697 0.0148 -0.6382
vn 0.8779 0.0176 -0.4785
vn 0.8856 0.0182 -0.4641
vn 0.7905 0.0166 -0.6123
vn 0.1938 0.0046 -0.9810
vn -0.6806 -0.0136 -0.7325
vn -0.8578 -0.0173 -0.5137
vn -0.8797 -0.0177 -0.4751
vn -0.8474 -0.0167 -0.5307
vn -0.7623 -0.0147 -0.6471
vn -0.6265 -0.0121 -0.7793
vn -0.4367 -0.0088 -0.8996
vn -0.0823 -0.0026 -0.9966
vn 0.4617 0.0081 -0.8870
vn 0.7812 0.0150 -0.6241
vn 0.8779 0.0175 -0.4785
vn 0.8894 0.0181 -0.4568
vn 0.8220 0.0170 -0.5692
vn 0.4398 0.0093 -0.8980
vn -0.4551 -0.0093 -0.8904
vn -0.7520 -0.0155 -0.6589
vn -0.7715 -0.0158 -0.6360
vn -0.6521 -0.0130 -0.7581
vn -0.3867 -0.0070 -0.9222
vn -0.1839 -0.0027 -0.9829
vn -0.2171 -0.0038 -0.9761
vn -0.3129 -0.0066 -0.9498
vn -0.2232 -0.0056 -0.9748
vn 0.2049 0.0029 -0.9788
vn 0.6439 0.0124 -0.7650
vn 0.7980 0.0162 -0.6025
vn 0.8010 0.0166 -0.5984
vn 0.6268 0.0133 -0.7791
vn -0.0574 -0.0007 -0.9984
vn -0.6543 -0.0132 -0.7561
vn -0.7949 -0.0161 -0.6065
vn -0.7989 -0.0160 -0.6013
vn -0.7364 -0.0144 -0.6763
vn -0.6371 -0.0121 -0.7707
vn -0.5431 -0.0105 -0.8396
vn -0.4108 -0.0087 -0.9117
vn -0.0406 -0.0022 -0.9992
vn 0.5601 0.0099 -0.8284
vn 0.8392 0.0162 -0.5435
vn 0.9098 0.0182 -0.4146
vn 0.9140 0.0187 -0.4054
vn 0.8463 0.0176 -0.5324
vn 0.3865 0.0084 -0.9222
vn -0.6191 -0.0124 -0.7852
vn -0.8439 -0.0172 -0.5362
vn -0.8663 -0.0176 -0.4993
vn -0.8142 -0.0162 -0.5804
vn -0.6723 -0.0129 -0.7401
vn -0.4757 -0.0087 -0.8795
vn -0.3447 -0.0066 -0.9387
vn -0.2285 -0.0051 -0.9735
vn 0.0598 0.0001 -0.9982
vn 0.4944 0.0090 -0.8692
vn 0.7439 0.0147 -0.6682
vn 0.8114 0.0165 -0.5842
vn 0.7629 0.0159 -0.6463
vn 0.4682 0.0100 -0.8836
vn -0.2594 -0.0052 -0.9657
vn -0.6465 -0.0134 -0.7628
vn -0.7053 -0.0145 -0.7088
vn -0.6127 -0.0123 -0.7902
vn -0.4130 -0.0076 -0.9107
vn -0.2742 -0.0046 -0.9616
vn -0.3059 -0.0057 -0.9521
vn -0.3509 -0.0075 -0.9364
vn -0.1710 -0.0048 -0.9853
vn 0.3772 0.0061 -0.9261
vn 0.1428 0.0017 -0.9898
vn 0.6677 0.0147 -0.7443
vn 0.8540 0.0199 -0.5199
vn 0.8907 0.0213 -0.4540
vn 0.8481 0.0206 -0.5294
vn 0.5424 0.0136 -0.8400
vn -0.4649 -0.0107 -0.8853
vn -0.8231 -0.0195 -0.5676
vn -0.8791 -0.0208 -0.4762
vn -0.8655 -0.0202 -0.5006
vn -0.8014 -0.0183 -0.5979
vn -0.6834 -0.0154 -0.7299
vn -0.5194 -0.0120 -0.8545
vn -0.2486 -0.0065 -0.9686
vn 0.2569 0.0047 -0.9664
vn 0.6967 0.0155 -0.7172
vn 0.8553 0.0199 -0.5178
vn 0.8920 0.0212 -0.4516
vn 0.8625 0.0208 -0.5057
vn 0.6627 0.0161 -0.7488
vn -0.1510 -0.0036 -0.9885
vn -0.6937 -0.0168 -0.7201
vn -0.7806 -0.0189 -0.6247
vn -0.7159 -0.0170 -0.6980
vn -0.4987 -0.0112 -0.8667
vn -0.2343 -0.0044 -0.9722
vn -0.1824 -0.0034 -0.9832
vn -0.2863 -0.0068 -0.9581
vn -0.2923 -0.0078 -0.9563
vn 0.0050 -0.0013 -1.0000
vn 0.5124 0.0112 -0.8586
vn 0.7632 0.0180 -0.6459
vn 0.8137 0.0196 -0.5810
vn 0.7289 0.0179 -0.6844
vn 0.2760 0.0071 -0.9611
vn -0.5062 -0.0119 -0.8624
vn -0.7664 -0.0183 -0.6421
vn -0.8066 -0.0190 -0.5909
vn -0.7667 -0.0177 -0.6417
vn -0.6763 -0.0152 -0.7365
vn -0.5778 -0.0130 -0.8161
vn -0.4752 -0.0113 -0.8798
vn -0.2269 -0.0065 -0.9739
vn 0.3470 0.0066 -0.9378
vn 0.7721 0.0173 -0.6353
vn 0.8941 0.0208 -0.4474
vn 0.9179 0.0218 -0.3961
vn 0.8870 0.0214 -0.4613
vn 0.6685 0.0164 -0.7436
vn -0.3350 -0.0078 -0.9422
vn -0.8022 -0.0192 -0.5968
vn -0.8675 -0.0207 -0.4970
vn -0.8430 -0.0198 -0.5375
vn -0.7381 -0.0168 -0.6745
vn -0.5486 -0.0120 -0.8360
vn -0.3849 -0.0084 -0.9229
vn -0.2829 -0.0068 -0.9591
vn -0.0800 -0.0029 -0.9968
vn 0.3352 0.0068 -0.9421
vn 0.6770 0.0155 -0.7359
vn 0.7999 0.0190 -0.5998
vn 0.7972 0.0193 -0.6034
vn 0.6322 0.0155 -0.7747
vn 0.0293 0.0009 -0.9996
vn -0.5574 -0.0135 -0.8302
vn -0.7040 -0.0170 -0.7100
vn -0.6639 -0.0158 -0.7476
vn -0.4947 -0.0111 -0.8690
vn -0.3068 -0.0062 -0.9518
vn -0.2795 -0.0058 -0.9601
vn -0.3473 -0.0083 -0.9377
vn -0.2821 -0.0078 -0.9594
vn 0.1428 0.0017 -0.9898
vn -0.0950 -0.0041 -0.9955
vn 0.4791 0.0112 -0.8777
vn 0.8026 0.0205 -0.5962
vn 0.8845 0.0233 -0.4660
vn 0.8790 0.0235 -0.4763
vn 0.7447 0.0201 -0.6671
vn -0.0194 -0.0001 -0.9998
vn -0.7404 -0.0195 -0.6719
vn -0.8673 -0.0228 -0.4972
vn -0.8773 -0.0229 -0.4793
vn -0.8360 -0.0214 -0.5484
vn -0.7408 -0.0186 -0.6714
vn -0.5972 -0.0150 -0.8020
vn -0.3898 -0.0104 -0.9209
vn 0.0113 -0.0008 -0.9999
vn 0.5450 0.0131 -0.8384
vn 0.8094 0.0206 -0.5869
vn 0.8845 0.0231 -0.4660
vn 0.8848 0.0235 -0.4654
vn 0.7912 0.0211 -0.6113
vn 0.2849 0.0076 -0.9585
vn -0.5526 -0.0150 -0.8333
vn -0.7670 -0.0206 -0.6413
vn -0.7606 -0.0202 -0.6489
vn -0.6128 -0.0157 -0.7901
vn -0.3352 -0.0077 -0.9421
vn -0.1738 -0.0034 -0.9848
vn -0.2380 -0.0058 -0.9712
vn -0.3165 -0.0089 -0.9486
vn -0.1713 -0.0058 -0.9852
vn 0.3034 0.0068 -0.9528
vn 0.6894 0.0177 -0.7242
vn 0.8072 0.0214 -0.5899
vn 0.7877 0.0212 -0.6157
vn 0.5517 0.0151 -0.8339
vn -0.2149 -0.0055 -0.9766
vn -0.6995 -0.0185 -0.7144
vn -0.8019 -0.0211 -0.5970
vn -0.7917 -0.0205 -0.6105
vn -0.7197 -0.0182 -0.6940
vn -0.6189 -0.0154 -0.7853
vn -0.5256 -0.0134 -0.8506
vn -0.3691 -0.0103 -0.9293
vn 0.0678 0.0002 -0.9977
vn 0.6394 0.0155 -0.7687
vn 0.8606 0.0220 -0.5089
vn 0.9141 0.0240 -0.4048
vn 0.9091 0.0241 -0.4159
vn 0.8140 0.0218 -0.5804
vn 0.1835 0.0050 -0.9830
vn -0.6974 -0.0186 -0.7165
vn -0.8550 -0.0227 -0.5181
vn -0.8621 -0.0226 -0.5063
vn -0.7957 -0.0204 -0.6054
vn -0.6370 -0.0157 -0.7707
vn -0.4451 -0.0107 -0.8954
vn -0.3275 -0.0083 -0.9448
vn -0.1939 -0.0057 -0.9810
vn 0.1376 0.0024 -0.9905
vn 0.5587 0.0138 -0.8293
vn 0.7660 0.0200 -0.6425
vn 0.8115 0.0216 -0.5839
vn 0.7364 0.0198 -0.6762
vn 0.3587 0.0097 -0.9334
vn -0.3713 -0.0100 -0.9285
vn -0.6723 -0.0181 -0.7401
vn -0.6984 -0.0186 -0.7154
vn -0.5817 -0.0149 -0.8133
vn -0.3765 -0.0089 -0.9264
vn -0.2690 -0.0060 -0.9631
vn -0.3201 -0.0081 -0.9473
vn -0.3420 -0.0097 -0.9397
vn -0.0950 -0.0041 -0.9955
vn -0.2612 -0.0085 -0.9653
vn 0.1990 0.0040 -0.9800
vn 0.6968 0.0186 -0.7170
vn 0.8610 0.0239 -0.5080
vn 0.8903 0.0251 -0.4546
vn 0.8377 0.0237 -0.5456
vn 0.4755 0.0136 -0.8796
vn -0.5305 -0.0149 -0.8476
vn -0.8336 -0.0234 -0.5519
vn -0.8799 -0.0245 -0.4746
vn -0.8617 -0.0236 -0.5068
vn -0.7927 -0.0212 -0.6092
vn -0.6703 -0.0177 -0.7419
vn -0.5011 -0.0136 -0.8653
vn -0.2128 -0.0065 -0.9771
vn 0.3084 0.0074 -0.9512
vn 0.7205 0.0192 -0.6932
vn 0.8618 0.0237 -0.5066
vn 0.8921 0.0249 -0.4512
vn 0.8550 0.0241 -0.5181
vn 0.6211 0.0174 -0.7835
vn -0.2356 -0.0071 -0.9718
vn -0.7116 -0.0204 -0.7022
vn -0.7801 -0.0221 -0.6253
vn -0.7028 -0.0194 -0.7111
vn -0.4722 -0.0122 -0.8814
vn -0.2187 -0.0048 -0.9758
vn -0.1889 -0.0044 -0.9820
vn -0.2946 -0.0084 -0.9556
vn -0.2804 -0.0088 -0.9599
vn 0.0502 0.0001 -0.9987
vn 0.5485 0.0146 -0.8360
vn 0.7736 0.0216 -0.6334
vn 0.8122 0.0230 -0.5829
vn 0.7099 0.0203 -0.7040
vn 0.2011 0.0058 -0.9796
vn -0.5495 -0.0155 -0.8354
vn -0.7751 -0.0218 -0.6314
vn -0.8056 -0.0223 -0.5921
vn -0.7601 -0.0206 -0.6495
vn -0.6668 -0.0176 -0.7450
vn -0.5695 -0.0151 -0.8218
vn -0.4621 -0.0129 -0.8868
vn -0.1879 -0.0063 -0.9822
vn 0.4028 0.0097 -0.9153
vn 0.7914 0.0212 -0.6109
vn 0.8987 0.0248 -0.4379
vn 0.9176 0.0257 -0.3968
vn 0.8796 0.0248 -0.4751
vn 0.6181 0.0174 -0.7859
vn -0.4205 -0.0121 -0.9072
vn -0.8150 -0.0231 -0.5790
vn -0.8681 -0.0243 -0.4959
vn -0.8372 -0.0230 -0.5464
vn -0.7236 -0.0192 -0.6900
vn -0.5304 -0.0135 -0.8476
vn -0.3745 -0.0097 -0.9272
vn -0.2717 -0.0077 -0.9623
vn -0.0499 -0.0024 -0.9988
vn 0.3755 0.0095 -0.9268
vn 0.6957 0.0190 -0.7181
vn 0.8040 0.0225 -0.5942
vn 0.7911 0.0224 -0.6113
vn 0.6004 0.0170 -0.7995
vn -0.0439 -0.0014 -0.9990
vn -0.5838 -0.0168 -0.8117
vn -0.7063 -0.0201 -0.7076
vn -0.6534 -0.0181 -0.7568
vn -0.4751 -0.0124 -0.8798
vn -0.2963 -0.0071 -0.9551
vn -0.2848 -0.0072 -0.9586
vn -0.3504 -0.0100 -0.9365
vn -0.2612 -0.0085 -0.9653
vn -0.3393 -0.0100 -0.9406
vn -0.0785 -0.0003 -0.9969
vn 0.4974 0.0179 -0.8673
vn 0.8079 0.0258 -0.5887
vn 0.8854 0.0262 -0.4641
vn 0.8773 0.0237 -0.4793
vn 0.7339 0.0161 -0.6791
vn -0.0612 -0.0104 -0.9981
vn -0.7497 -0.0258 -0.6613
vn -0.8687 -0.0259 -0.4946
vn -0.8767 -0.0239 -0.4804
vn -0.8336 -0.0212 -0.5520
vn -0.7365 -0.0180 -0.6762
vn -0.5913 -0.0144 -0.8063
vn -0.3800 -0.0088 -0.9249
vn 0.0303 0.0036 -0.9995
vn 0.5597 0.0192 -0.8285
vn 0.8141 0.0255 -0.5802
vn 0.8855 0.0261 -0.4640
vn 0.8836 0.0241 -0.4676
vn 0.7840 0.0184 -0.6204
vn 0.2517 -0.0007 -0.9678
vn -0.5683 -0.0215 -0.8225
vn -0.7692 -0.0233 -0.6386
vn -0.7580 -0.0202 -0.6520
vn -0.6046 -0.0137 -0.7964
vn -0.3258 -0.0058 -0.9454
vn -0.1729 -0.0037 -0.9849
vn -0.2421 -0.0077 -0.9702
vn -0.3163 -0.0098 -0.9486
vn -0.1598 -0.0033 -0.9871
vn 0.3221 0.0125 -0.9466
vn 0.6970 0.0227 -0.7167
vn 0.8085 0.0241 -0.5880
vn 0.7845 0.0209 -0.6198
vn 0.5347 0.0104 -0.8450
vn -0.2435 -0.0133 -0.9698
vn -0.7067 -0.0233 -0.7071
vn -0.8029 -0.0233 -0.5957
vn -0.7901 -0.0210 -0.6126
vn -0.7164 -0.0180 -0.6975
vn -0.6154 -0.0155 -0.7880
vn -0.5220 -0.0137 -0.8528
vn -0.3600 -0.0089 -0.9329
vn 0.0899 0.0056 -0.9959
vn 0.6529 0.0222 -0.7571
vn 0.8640 0.0270 -0.5027
vn 0.9147 0.0268 -0.4033
vn 0.9079 0.0246 -0.4185
vn 0.8064 0.0184 -0.5911
vn 0.1404 -0.0055 -0.9901
vn -0.7094 -0.0255 -0.7043
vn -0.8566 -0.0258 -0.5153
vn -0.8610 -0.0234 -0.5080
vn -0.7917 -0.0195 -0.6105
vn -0.6300 -0.0143 -0.7765
vn -0.4395 -0.0102 -0.8982
vn -0.3242 -0.0084 -0.9460
vn -0.1864 -0.0045 -0.9825
vn 0.1532 0.0065 -0.9882
vn 0.5700 0.0191 -0.8214
vn 0.7697 0.0237 -0.6380
vn 0.8111 0.0231 -0.5844
vn 0.7304 0.0183 -0.6828
vn 0.3351 0.0038 -0.9422
vn -0.3905 -0.0162 -0.9205
vn -0.6763 -0.0211 -0.7364
vn -0.6966 -0.0190 -0.7172
vn -0.5753 -0.0137 -0.8178
vn -0.3699 -0.0078 -0.9291
vn -0.2687 -0.0067 -0.9632
vn -0.3228 -0.0098 -0.9464
vn -0.3393 -0.0100 -0.9406
vn 0.0000 1.0000 0.0000
vn 0.0000 -1.0000 0.0000
vn -1.0000 0.0000 0.0000
vn 1.0000 0.0000 0.0000
usemtl curtain
s 1
f 1//1 2//2 75//75 74//74
f 1242//1242 1315//1315 1316//1316 1243//1243
f 2//2 3//3 76//76 75//75
f 1243//1243 1316//1316 1317//1317 1244//1244
f 3//3 4//4 77//77 76//76
f 1244//1244 1317//1317 1318//1318 1245//1245
f 4//4 5//5 78//78 77//77
f 1245//1245 1318//1318 1319//1319 1246//1246
f 5//5 6//6 79//79 78//78
f 1246//1246 1319//1319 1320//1320 1247//1247
f 6//6 7//7 80//80 79//79
f 1247//1247 1320//1320 1321//1321 1248//1248
f 7//7 8//8 81//81 80//80
f 1248//1248 1321//1321 1322//1322 1249//1249
f 8//8 9//9 82//82 81//81
f 1249//1249 1322//1322 1323//1323 1250//1250
f 9//9 10//10 83//83 82//82
f 1250//1250 1323//1323 1324//1324 1251//1251
f 10//10 11//11 84//84 83//83
f 1251//1251 1324//1324 1325//1325 1252//1252
f 11//11 12//12 85//85 84//84
f 1252//1252 1325//1325 1326//1326 1253//1253
f 12//12 13//13 86//86 85//85
f 1253//1253 1326//1326 1327//1327 1254//1254
f 13//13 14//14 87//87 86//86
f 1254//1254 1327//1327 1328//1328 1255//1255
f 14//14 15//15 88//88 87//87
f 1255//1255 1328//1328 1329//1329 1256//1256
f 15//15 16//16 89//89 88//88
f 1256//1256 1329//1329 1330//1330 1257//1257
f 16//16 17//17 90//90 89//89
f 1257//1257 1330//1330 1331//1331 1258//1258
f 17//17 18//18 91//91 90//90
f 1258//1258 1331//1331 1332//1332 1259//1259
f 18//18 19//19 92//92 91//91
f 1259//1259 1332//1332 1333//1333 1260//1260
f 19//19 20//20 93//93 92//92
f 1260//1260 1333//1333 1334//1334 1261//1261
f 20//20 21//21 94//94 93//93
f 1261//1261 1334//1334 1335//1335 1262//1262
f 21//21 22//22 95//95 94//94
f 1262//1262 1335//1335 1336//1336 1263//1263
f 22//22 23//23 96//96 95//95
f 1263//1263 1336//1336 1337//1337 1264//1264
f 23//23 24//24 97//97 96//96
f 1264//1264 1337//1337 1338//1338 1265//1265
f 24//24 25//25 98//98 97//97
f 1265//1265 1338//1338 1339//1339 1266//1266
f 25//25 26//26 99//99 98//98
f 1266//1266 1339//1339 1340//1340 1267//1267
f 26//26 27//27 100//100 99//99
f 1267//1267 1340//1340 1341//1341 1268//1268
f 27//27 28//28 101//101 100//100
f 1268//1268 1341//1341 1342//1342 1269//1269
f 28//28 29//29 102//102 101//101
f 1269//1269 1342//1342 1343//1343 1270//1270
f 29//29 30//30 103//103 102//102
f 1270//1270 1343//1343 1344//1344 1271//1271
f 30//30 31//31 104//104 103//103
f 1271//1271 1344//1344 1345//1345 1272//1272
f 31//31 32//32 105//105 104//104
f 1272//1272 1345//1345 1346//1346 1273//1273
f 32//32 33//33 106//106 105//105
f 1273//1273 1346//1346 1347//1347 1274//1274
f 33//33 34//34 107//107 106//106
f 1274//1274 1347//1347 1348//1348 1275//1275
f 34//34 35//35 108//108 107//107
f 1275//1275 1348//1348 1349//1349 1276//1276
f 35//35 36//36 109//109 108//108
f 1276//1276 1349//1349 1350//1350 1277//1277
f 36//36 37//37 110//110 109//109
f 1277//1277 1350//1350 1351//1351 1278//1278
f 37//37 38//38 111//111 110//110
f 1278//1278 1351//1351 1352//1352 1279//1279
f 38//38 39//39 112//112 111//111
f 1279//1279 1352//1352 1353//1353 1280//1280
f 39//39 40//40 113//113 112//112
f 1280//1280 1353//1353 1354//1354 1281//1281
f 40//40 41//41 114//114 113//113
f 1281//1281 1354//1354 1355//1355 1282//1282
f 41//41 42//42 115//115 114//114
f 1282//1282 1355//1355 1356//1356 1283//1283
f 42//42 43//43 116//116 115//115
f 1283//1283 1356//1356 1357//1357 1284//1284
f 43//43 44//44 117//117 116//116
f 1284//1284 1357//1357 1358//1358 1285//1285
f 44//44 45//45 118//118 117//117
f 1285//1285 1358//1358 1359//1359 1286//1286
f 45//45 46//46 119//119 118//118
f 1286//1286 1359//1359 1360//1360 1287//1287
f 46//46 47//47 120//120 119//119
f 1287//1287 1360//1360 1361//1361 1288//1288
f 47//47 48//48 121//121 120//120
f 1288//1288 1361//1361 1362//1362 1289//1289
f 48//48 49//49 122//122 121//121
f 1289//1289 1362//1362 1363//1363 1290//1290
f 49//49 50//50 123//123 122//122
f 1290//1290 1363//1363 1364//1364 1291//1291
f 50//50 51//51 124//124 123//123
f 1291//1291 1364//1364 1365//1365 1292//1292
f 51//51 52//52 125//125 124//124
f 1292//1292 1365//1365 1366//1366 1293//1293
f 52//52 53//53 126//126 125//125
f 1293//1293 1366//1366 1367//1367 1294//1294
f 53//53 54//54 127//127 126//126
f 1294//1294 1367//1367 1368//1368 1295//1295
f 54//54 55//55 128//128 127//127
f 1295//1295 1368//1368 1369//1369 1296//1296
f 55//55 56//56 129//129 128//128
f 1296//1296 1369//1369 1370//1370 1297//1297
f 56//56 57//57 130//130 129//129
f 1297//1297 1370//1370 1371//1371 1298//1298
f 57//57 58//58 131//131 130//130
f 1298//1298 1371//1371 1372//1372 1299//1299
f 58//58 59//59 132//132 131//131
f 1299//1299 1372//1372 1373//1373 1300//1300
f 59//59 60//60 133//133 132//132
f 1300//1300 1373//1373 1374//1374 1301//1301
f 60//60 61//61 134//134 133//133
f 1301//1301 1374//1374 1375//1375 1302//1302
f 61//61 62//62 135//135 134//134
f 1302//1302 1375//1375 1376//1376 1303//1303
f 62//62 63//63 136//136 135//135
f 1303//1303 1376//1376 1377//1377 1304//1304
f 63//63 64//64 137//137 136//136
f 1304//1304 1377//1377 1378//1378 1305//1305
f 64//64 65//65 138//138 137//137
f 1305//1305 1378//1378 1379//1379 1306//1306
f 65//65 66//66 139//139 138//138
f 1306//1306 1379//1379 1380//1380 1307//1307
f 66//66 67//67 140//140 139//139
f 1307//1307 1380//1380 1381//1381 1308//1308
f 67//67 68//68 141//141 140//140
f 1308//1308 1381//1381 1382//1382 1309//1309
f 68//68 69//69 142//142 141//141
f 1309//1309 1382//1382 1383//1383 1310//1310
f 69//69 70//70 143//143 142//142
f 1310//1310 1383//1383 1384//1384 1311//1311
f 70//70 71//71 144//144 143//143
f 1311//1311 1384//1384 1385//1385 1312//1312
f 71//71 72//72 145//145 144//144
f 1312//1312 1385//1385 1386//1386 1313//1313
f 72//72 73//73 146//146 145//145
f 1313//1313 1386//1386 1387//1387 1314//1314
f 74//74 75//75 148//148 147//147
f 1315//1315 1388//1388 1389//1389 1316//1316
f 75//75 76//76 149//149 148//148
f 1316//1316 1389//1389 1390//1390 1317//1317
f 76//76 77//77 150//150 149//149
f 1317//1317 1390//1390 1391//1391 1318//1318
f 77//77 78//78 151//151 150//150
f 1318//1318 1391//1391 1392//1392 1319//1319
f 78//78 79//79 152//152 151//151
f 1319//1319 1392//1392 1393//1393 1320//1320
f 79//79 80//80 153//153 152//152
f 1320//1320 1393//1393 1394//1394 1321//1321
f 80//80 81//81 154//154 153//153
f 1321//1321 1394//1394 1395//1395 1322//1322
f 81//81 82//82 155//155 154//154
f 1322//1322 1395//1395 1396//1396 1323//1323
f 82//82 83//83 156//156 155//155
f 1323//1323 1396//1396 1397//1397 1324//1324
f 83//83 84//84 157//157 156//156
f 1324//1324 1397//1397 1398//1398 1325//1325
f 84//84 85//85 158//158 157//157
f 1325//1325 1398//1398 1399//1399 1326//1326
f 85//85 86//86 159//159 158//158
f 1326//1326 1399//1399 1400//1400 1327//1327
f 86//86 87//87 160//160 159//159
f 1327//1327 1400//1400 1401//1401 1328//1328
f 87//87 88//88 161//161 160//160
f 1328//1328 1401//1401 1402//1402 1329//1329
f 88//88 89//89 162//162 161//161
f 1329//1329 1402//1402 1403//1403 1330//1330
f 89//89 90//90 163//163 162//162
f 1330//1330 1403//1403 1404//1404 1331//1331
f 90//90 91//91 164//164 163//163
f 1331//1331 1404//1404 1405//1405 1332//1332
f 91//91 92//92 165//165 164//164
f 1332//1332 1405//1405 1406//1406 1333//1333
f 92//92 93//93 166//166 165//165
f 1333//1333 1406//1406 1407//1407 1334//1334
f 93//93 94//94 167//167 166//166
f 1334//1334 1407//1407 1408//1408 1335//1335
f 94//94 95//95 168//168 167//167
f 1335//1335 1408//1408 1409//1409 1336//1336
f 95//95 96//96 169//169 168//168
f 1336//1336 1409//1409 1410//1410 1337//1337
f 96//96 97//97 170//170 169//169
f 1337//1337 1410//1410 1411//1411 1338//1338
f 97//97 98//98 171//171 170//170
f 1338//1338 1411//1411 1412//1412 1339//1339
f 98//98 99//99 172//172 171//171
f 1339//1339 1412//1412 1413//1413 1340//1340
f 99//99 100//100 173//173 172//172
f 1340//1340 1413//1413 1414//1414 1341//1341
f 100//100 101//101 174//174 173//173
f 1341//1341 1414//1414 1415//1415 1342//1342
f 101//101 102//102 175//175 174//174
f 1342//1342 1415//1415 1416//1416 1343//1343
f 102//102 103//103 176//176 175//175
f 1343//1343 1416//1416 1417//1417 1344//1344
f 103//103 104//104 177//177 176//176
f 1344//1344 1417//1417 1418//1418 1345//1345
f 104//104 105//105 178//178 177//177
f 1345//1345 1418//1418 1419//1419 1346//1346
f 105//105 106//106 179//179 178//178
f 1346//1346 1419//1419 1420//1420 1347//1347
f 106//106 107//107 180//180 179//179
f 1347//1347 1420//1420 1421//1421 1348//1348
f 107//107 108//108 181//181 180//180
f 1348//1348 1421//1421 1422//1422 1349//1349
f 108//108 109//109 182//182 181//181
f 1349//1349 1422//1422 1423//1423 1350//1350
f 109//109 110//110 183//183 182//182
f 1350//1350 1423//1423 1424//1424 1351//1351
f 110//110 111//111 184//184 183//183
f 1351//1351 1424//1424 1425//1425 1352//1352
f 111//111 112//112 185//185 184//184
f 1352//1352 1425//1425 1426//1426 1353//1353
f 112//112 113//113 186//186 185//185
f 1353//1353 1426//1426 1427//1427 1354//1354
f 113//113 114//114 187//187 186//186
f 1354//1354 1427//1427 1428//1428 1355//1355
f 114//114 115//115 188//188 187//187
f 1355//1355 1428//1428 1429//1429 1356//1356
f 115//115 116//116 189//189 188//188
f 1356//1356 1429//1429 1430//1430 1357//1357
f 116//116 117//117 190//190 189//189
f 1357//1357 1430//1430 1431//1431 1358//1358
f 117//117 118//118 191//191 190//190
f 1358//1358 1431//1431 1432//1432 1359//1359
f 118//118 119//119 192//192 191//191
f 1359//1359 1432//1432 1433//1433 1360//1360
f 119//119 120//120 193//193 192//192
f 1360//1360 1433//1433 1434//1434 1361//1361
f 120//120 121//121 194//194 193//193
f 1361//1361 1434//1434 1435//1435 1362//1362
f 121//121 122//122 195//195 194//194
f 1362//1362 1435//1435 1436//1436 1363//1363
f 122//122 123//123 196//196 195//195
f 1363//1363 1436//1436 1437//1437 1364//1364
f 123//123 124//124 197//197 196//196
f 1364//1364 1437//1437 1438//1438 1365//1365
f 124//124 125//125 198//198 197//197
f 1365//1365 1438//1438 1439//1439 1366//1366
f 125//125 126//126 199//199 198//198
f 1366//1366 1439//1439 1440//1440 1367//1367
f 126//126 127//127 200//200 199//199
f 1367//1367 1440//1440 1441//1441 1368//1368
f 127//127 128//128 201//201 200//200
f 1368//1368 1441//1441 1442//1442 1369//1369
f 128//128 129//129 202//202 201//201
f 1369//1369 1442//1442 1443//1443 1370//1370
f 129//129 130//130 203//203 202//202
f 1370//1370 1443//1443 1444//1444 1371//1371
f 130//130 131//131 204//204 203//203
f 1371//1371 1444//1444 1445//1445 1372//1372
f 131//131 132//132 205//205 204//204
f 1372//1372 1445//1445 1446//1446 1373//1373
f 132//132 133//133 206//206 205//205
f 1373//1373 1446//1446 1447//1447 1374//1374
f 133//133 134//134 207//207 206//206
f 1374//1374 1447//1447 1448//1448 1375//1375
f 134//134 135//135 208//208 207//207
f 1375//1375 1448//1448 1449//1449 1376//1376
f 135//135 136//136 209//209 208//208
f 1376//1376 1449//1449 1450//1450 1377//1377
f 136//136 137//137 210//210 209//209
f 1377//1377 1450//1450 1451//1451 1378//1378
f 137//137 138//138 211//211 210//210
f 1378//1378 1451//1451 1452//1452 1379//1379
f 138//138 139//139 212//212 211//211
f 1379//1379 1452//1452 1453//1453 1380//1380
f 139//139 140//140 213//213 212//212
f 1380//1380 1453//1453 1454//1454 1381//1381
f 140//140 141//141 214//214 213//213
f 1381//1381 1454//1454 1455//1455 1382//1382
f 141//141 142//142 215//215 214//214
f 1382//1382 1455//1455 1456//1456 1383//1383
f 142//142 143//143 216//216 215//215
f 1383//1383 1456//1456 1457//1457 1384//1384
f 143//143 144//144 217//217 216//216
f 1384//1384 1457//1457 1458//1458 1385//1385
f 144//144 145//145 218//218 217//217
f 1385//1385 1458//1458 1459//1459 1386//1386
f 145//145 146//146 219//219 218//218
f 1386//1386 1459//1459 1460//1460 1387//1387
f 147//147 148//148 221//221 220//220
f 1388//1388 1461//1461 1462//1462 1389//1389
f 148//148 149//149 222//222 221//221
f 1389//1389 1462//1462 1463//1463 1390//1390
f 149//149 150//150 223//223 222//222
f 1390//1390 1463//1463 1464//1464 1391//1391
f 150//150 151//151 224//224 223//223
f 1391//1391 1464//1464 1465//1465 1392//1392
f 151//151 152//152 225//225 224//224
f 1392//1392 1465//1465 1466//1466 1393//1393
f 152//152 153//153 226//226 225//225
f 1393//1393 1466//1466 1467//1467 1394//1394
f 153//153 154//154 227//227 226//226
f 1394//1394 1467//1467 1468//1468 1395//1395
f 154//154 155//155 228//228 227//227
f 1395//1395 1468//1468 1469//1469 1396//1396
f 155//155 156//156 229//229 228//228
f 1396//1396 1469//1469 1470//1470 1397//1397
f 156//156 157//157 230//230 229//229
f 1397//1397 1470//1470 1471//1471 1398//1398
f 157//157 158//158 231//231 230//230
f 1398//1398 1471//1471 1472//1472 1399//1399
f 158//158 159//159 232//232 231//231
f 1399//1399 1472//1472 1473//1473 1400//1400
f 159//159 160//160 233//233 232//232
f 1400//1400 1473//1473 1474//1474 1401//1401
f 160//160 161//161 234//234 233//233
f 1401//1401 1474//1474 1475//1475 1402//1402
f 161//161 162//162 235//235 234//234
f 1402//1402 1475//1475 1476//1476 1403//1403
f 162//162 163//163 236//236 235//235
f 1403//1403 1476//1476 1477//1477 1404//1404
f 163//163 164//164 237//237 236//236
f 1404//1404 1477//1477 1478//1478 1405//1405
f 164//164 165//165 238//238 237//237
f 1405//1405 1478//1478 1479//1479 1406//1406
f 165//165 166//166 239//239 238//238
f 1406//1406 1479//1479 1480//1480 1407//1407
f 166//166 167//167 240//240 239//239
f 1407//1407 1480//1480 1481//1481 1408//1408
f 167//167 168//168 241//241 240//240
f 1408//1408 1481//1481 1482//1482 1409//1409
f 168//168 169//169 242//242 241//241
f 1409//1409 1482//1482 1483//1483 1410//1410
f 169//169 170//170 243//243 242//242
f 1410//1410 1483//1483 1484//1484 1411//1411
f 170//170 171//171 244//244 243//243
f 1411//1411 1484//1484 1485//1485 1412//1412
f 171//171 172//172 245//245 244//244
f 1412//1412 1485//1485 1486//1486 1413//1413
f 172//172 173//173 246//246 245//245
f 1413//1413 1486//1486 1487//1487 1414//1414
f 173//173 174//174 247//247 246//246
f 1414//1414 1487//1487 1488//1488 1415//1415
f 174//174 175//175 248//248 247//247
f 1415//1415 1488//1488 1489//1489 1416//1416
f 175//175 176//176 249//249 248//248
f 1416//1416 1489//1489 1490//1490 1417//1417
f 176//176 177//177 250//250 249//249
f 1417//1417 1490//1490 1491//1491 1418//1418
f 177//177 178//178 251//251 250//250
f 1418//1418 1491//1491 1492//1492 1419//1419
f 178//178 179//179 252//252 251//251
f 1419//1419 1492//1492 1493//1493 1420//1420
f 179//179 180//180 253//253 252//252
f 1420//1420 1493//1493 1494//1494 1421//1421
f 180//180 181//181 254//254 253//253
f 1421//1421 1494//1494 1495//1495 1422//1422
f 181//181 182//182 255//255 254//254
f 1422//1422 1495//1495 1496//1496 1423//1423
f 182//182 183//183 256//256 255//255
f 1423//1423 1496//1496 1497//1497 1424//1424
f 183//183 184//184 257//257 256//256
f 1424//1424 1497//1497 1498//1498 1425//1425
f 184//184 185//185 258//258 257//257
f 1425//1425 1498//1498 1499//1499 1426//1426
f 185//185 186//186 259//259 258//258
f 1426//1426 1499//1499 1500//1500 1427//1427
f 186//186 187//187 260//260 259//259
f 1427//1427 1500//1500 1501//1501 1428//1428
f 187//187 188//188 261//261 260//260
f 1428//1428 1501//1501 1502//1502 1429//1429
f 188//188 189//189 262//262 261//261
f 1429//1429 1502//1502 1503//1503 1430//1430
f 189//189 190//190 263//263 262//262
f 1430//1430 1503//1503 1504//1504 1431//1431
f 190//190 191//191 264//264 263//263
f 1431//1431 1504//1504 1505//1505 1432//1432
f 191//191 192//192 265//265 264//264
f 1432//1432 1505//1505 1506//1506 1433//1433
f 192//192 193//193 266//266 265//265
f 1433//1433 1506//1506 1507//1507 1434//1434
f 193//193 194//194 267//267 266//266
f 1434//1434 1507//1507 1508//1508 1435//1435
f 194//194 195//195 268//268 267//267
f 1435//1435 1508//1508 1509//1509 1436//1436
f 195//195 196//196 269//269 268//268
f 1436//1436 1509//1509 1510//1510 1437//1437
f 196//196 197//197 270//270 269//269
f 1437//1437 1510//1510 1511//1511 1438//1438
f 197//197 198//198 271//271 270//270
f 1438//1438 1511//1511 1512//1512 1439//1439
f 198//198 199//199 272//272 271//271
f 1439//1439 1512//1512 1513//1513 1440//1440
f 199//199 200//200 273//273 272//272
f 1440//1440 1513//1513 1514//1514 1441//1441
f 200//200 201//201 274//274 273//273
f 1441//1441 1514//1514 1515//1515 1442//1442
f 201//201 202//202 275//275 274//274
f 1442//1442 1515//1515 1516//1516 1443//1443
f 202//202 203//203 276//276 275//275
f 1443//1443 1516//1516 1517//1517 1444//1444
f 203//203 204//204 277//277 276//276
f 1444//1444 1517//1517 1518//1518 1445//1445
f 204//204 205//205 278//278 277//277
f 1445//1445 1518//1518 1519//1519 1446//1446
f 205//205 206//206 279//279 278//278
f 1446//1446 1519//1519 1520//1520 1447//1447
f 206//206 207//207 280//280 279//279
f 1447//1447 1520//1520 1521//1521 1448//1448
f 207//207 208//208 281//281 280//280
f 1448//1448 1521//1521 1522//1522 1449//1449
f 208//208 209//209 282//282 281//281
f 1449//1449 1522//1522 1523//1523 1450//1450
f 209//209 210//210 283//283 282//282
f 1450//1450 1523//1523 1524//1524 1451//1451
f 210//210 211//211 284//284 283//283
f 1451//1451 1524//1524 1525//1525 1452//1452
f 211//211 212//212 285//285 284//284
f 1452//1452 1525//1525 1526//1526 1453//1453
f 212//212 213//213 286//286 285//285
f 1453//1453 1526//1526 1527//1527 1454//1454
f 213//213 214//214 287//287 286//286
f 1454//1454 1527//1527 1528//1528 1455//1455
f 214//214 215//215 288//288 287//287
f 1455//1455 1528//1528 1529//1529 1456//1456
f 215//215 216//216 289//289 288//288
f 1456//1456 1529//1529 1530//1530 1457//1457
f 216//216 217//217 290//290 289//289
f 1457//1457 1530//1530 1531//1531 1458//1458
f 217//217 218//218 291//291 290//290
f 1458//1458 1531//1531 1532//1532 1459//1459
f 218//218 219//219 292//292 291//291
f 1459//1459 1532//1532 1533//1533 1460//1460
f 220//220 221//221 294//294 293//293
f 1461//1461 1534//1534 1535//1535 1462//1462
f 221//221 222//222 295//295 294//294
f 1462//1462 1535//1535 1536//1536 1463//1463
f 222//222 223//223 296//296 295//295
f 1463//1463 1536//1536 1537//1537 1464//1464
f 223//223 224//224 297//297 296//296
f 1464//1464 1537//1537 1538//1538 1465//1465
f 224//224 225//225 298//298 297//297
f 1465//1465 1538//1538 1539//1539 1466//1466
f 225//225 226//226 299//299 298//298
f 1466//1466 1539//1539 1540//1540 1467//1467
f 226//226 227//227 300//300 299//299
f 1467//1467 1540//1540 1541//1541 1468//1468
f 227//227 228//228 301//301 300//300
f 1468//1468 1541//1541 1542//1542 1469//1469
f 228//228 229//229 302//302 301//301
f 1469//1469 1542//1542 1543//1543 1470//1470
f 229//229 230//230 303//303 302//302
f 1470//1470 1543//1543 1544//1544 1471//1471
f 230//230 231//231 304//304 303//303
f 1471//1471 1544//1544 1545//1545 1472//1472
f 231//231 232//232 305//305 304//304
f 1472//1472 1545//1545 1546//1546 1473//1473
f 232//232 233//233 306//306 305//305
f 1473//1473 1546//1546 1547//1547 1474//1474
f 233//233 234//234 307//307 306//306
f 1474//1474 1547//1547 1548//1548 1475//1475
f 234//234 235//235 308//308 307//307
f 1475//1475 1548//1548 1549//1549 1476//1476
f 235//235 236//236 309//309 308//308
f 1476//1476 1549//1549 1550//1550 1477//1477
f 236//236 237//237 310//310 309//309
f 1477//1477 1550//1550 1551//1551 1478//1478
f 237//237 238//238 311//311 310//310
f 1478//1478 1551//1551 1552//1552 1479//1479
f 238//238 239//239 312//312 311//311
f 1479//1479 1552//1552 1553//1553 1480//1480
f 239//239 240//240 313//313 312//312
f 1480//1480 1553//1553 1554//1554 1481//1481
f 240//240 241//241 314//314 313//313
f 1481//1481 1554//1554 1555//1555 1482//1482
f 241//241 242//242 315//315 314//314
f 1482//1482 1555//1555 1556//1556 1483//1483
f 242//242 243//243 316//316 315//315
f 1483//1483 1556//1556 1557//1557 1484//1484
f 243//243 244//244 317//317 316//316
f 1484//1484 1557//1557 1558//1558 1485//1485
f 244//244 245//245 318//318 317//317
f 1485//1485 1558//1558 1559//1559 1486//1486
f 245//245 246//246 319//319 318//318
f 1486//1486 1559//1559 1560//1560 1487//1487
f 246//246 247//247 320//320 319//319
f 1487//1487 1560//1560 1561//1561 1488//1488
f 247//247 248//248 321//321 320//320
f 1488//1488 1561//1561 1562//1562 1489//1489
f 248//248 249//249 322//322 321//321
f 1489//1489 1562//1562 1563//1563 1490//1490
f 249//249 250//250 323//323 322//322
f 1490//1490 1563//1563 1564//1564 1491//1491
f 250//250 251//251 324//324 323//323
f 1491//1491 1564//1564 1565//1565 1492//1492
f 251//251 252//252 325//325 324//324
f 1492//1492 1565//1565 1566//1566 1493//1493
f 252//252 253//253 326//326 325//325
f 1493//1493 1566//1566 1567//1567 1494//1494
f 253//253 254//254 327//327 326//326
f 1494//1494 1567//1567 1568//1568 1495//1495
f 254//254 255//255 328//328 327//327
f 1495//1495 1568//1568 1569//1569 1496//1496
f 255//255 256//256 329//329 328//328
f 1496//1496 1569//1569 1570//1570 1497//1497
f 256//256 257//257 330//330 329//329
f 1497//1497 1570//1570 1571//1571 1498//1498
f 257//257 258//258 331//331 330//330
f 1498//1498 1571//1571 1572//1572 1499//1499
f 258//258 259//259 332//332 331//331
f 1499//1499 1572//1572 1573//1573 1500//1500
f 259//259 260//260 333//333 332//332
f 1500//1500 1573//1573 1574//1574 1501//1501
f 260//260 261//261 334//334 333//333
f 1501//1501 1574//1574 1575//1575 1502//1502
f 261//261 262//262 335//335 334//334
f 1502//1502 1575//1575 1576//1576 1503//1503
f 262//262 263//263 336//336 335//335
f 1503//1503 1576//1576 1577//1577 1504//1504
f 263//263 264//264 337//337 336//336
f 1504//1504 1577//1577 1578//1578 1505//1505
f 264//264 265//265 338//338 337//337
f 1505//1505 1578//1578 1579//1579 1506//1506
f 265//265 266//266 339//339 338//338
f 1506//1506 1579//1579 1580//1580 1507//1507
f 266//266 267//267 340//340 339//339
f 1507//1507 1580//1580 1581//1581 1508//1508
f 267//267 268//268 341//341 340//340
f 1508//1508 1581//1581 1582//1582 1509//1509
f 268//268 269//269 342//342 341//341
f 1509//1509 1582//1582 1583//1583 1510//1510
f 269//269 270//270 343//343 342//342
f 1510//1510 1583//1583 1584//1584 1511//1511
f 270//270 271//271 344//344 343//343
f 1511//1511 1584//1584 1585//1585 1512//1512
f 271//271 272//272 345//345 344//344
f 1512//1512 1585//1585 1586//1586 1513//1513
f 272//272 273//273 346//346 345//345
f 1513//1513 1586//1586 1587//1587 1514//1514
f 273//273 274//274 347//347 346//346
f 1514//1514 1587//1587 1588//1588 1515//1515
f 274//274 275//275 348//348 347//347
f 1515//1515 1588//1588 1589//1589 1516//1516
f 275//275 276//276 349//349 348//348
f 1516//1516 1589//1589 1590//1590 1517//1517
f 276//276 277//277 350//350 349//349
f 1517//1517 1590//1590 1591//1591 1518//1518
f 277//277 278//278 351//351 350//350
f 1518//1518 1591//1591 1592//1592 1519//1519
f 278//278 279//279 352//352 351//351
f 1519//1519 1592//1592 1593//1593 1520//1520
f 279//279 280//280 353//353 352//352
f 1520//1520 1593//1593 1594//1594 1521//1521
f 280//280 281//281 354//354 353//353
f 1521//1521 1594//1594 1595//1595 1522//1522
f 281//281 282//282 355//355 354//354
f 1522//1522 1595//1595 1596//1596 1523//1523
f 282//282 283//283 356//356 355//355
f 1523//1523 1596//1596 1597//1597 1524//1524
f 283//283 284//284 357//357 356//356
f 1524//1524 1597//1597 1598//1598 1525//1525
f 284//284 285//285 358//358 357//357
f 1525//1525 1598//1598 1599//1599 1526//1526
f 285//285 286//286 359//359 358//358
f 1526//1526 1599//1599 1600//1600 1527//1527
f 286//286 287//287 360//360 359//359
f 1527//1527 1600//1600 1601//1601 1528//1528
f 287//287 288//288 361//361 360//360
f 1528//1528 1601//1601 1602//1602 1529//1529
f 288//288 289//289 362//362 361//361
f 1529//1529 1602//1602 1603//1603 1530//1530
f 289//289 290//290 363//363 362//362
f 1530//1530 1603//1603 1604//1604 1531//1531
f 290//290 291//291 364//364 363//363
f 1531//1531 1604//1604 1605//1605 1532//1532
f 291//291 292//292 365//365 364//364
f 1532//1532 1605//1605 1606//1606 1533//1533
f 293//293 294//294 367//367 366//366
f 1534//1534 1607//1607 1608//1608 1535//1535
f 294//294 295//295 368//368 367//367
f 1535//1535 1608//1608 1609//1609 1536//1536
f 295//295 296//296 369//369 368//368
f 1536//1536 1609//1609 1610//1610 1537//1537
f 296//296 297//297 370//370 369//369
f 1537//1537 1610//1610 1611//1611 1538//1538
f 297//297 298//298 371//371 370//370
f 1538//1538 1611//1611 1612//1612 1539//1539
f 298//298 299//299 372//372 371//371
f 1539//1539 1612//1612 1613//1613 1540//1540
f 299//299 300//300 373//373 372//372
f 1540//1540 1613//1613 1614//1614 1541//1541
f 300//300 301//301 374//374 373//373
f 1541//1541 1614//1614 1615//1615 1542//1542
f 301//301 302//302 375//375 374//374
f 1542//1542 1615//1615 1616//1616 1543//1543
f 302//302 303//303 376//376 375//375
f 1543//1543 1616//1616 1617//1617 1544//1544
f 303//303 304//304 377//377 376//376
f 1544//1544 1617//1617 1618//1618 1545//1545
f 304//304 305//305 378//378 377//377
f 1545//1545 1618//1618 1619//1619 1546//1546
f 305//305 306//306 379//379 378//378
f 1546//1546 1619//1619 1620//1620 1547//1547
f 306//306 307//307 380//380 379//379
f 1547//1547 1620//1620 1621//1621 1548//1548
f 307//307 308//308 381//381 380//380
f 1548//1548 1621//1621 1622//1622 1549//1549
f 308//308 309//309 382//382 381//381
f 1549//1549 1622//1622 1623//1623 1550//1550
f 309//309 310//310 383//383 382//382
f 1550//1550 1623//1623 1624//1624 1551//1551
f 310//310 311//311 384//384 383//383
f 1551//1551 1624//1624 1625//1625 1552//1552
f 311//311 312//312 385//385 384//384
f 1552//1552 1625//1625 1626//1626 1553//1553
f 312//312 313//313 386//386 385//385
f 1553//1553 1626//1626 1627//1627 1554//1554
f 313//313 314//314 387//387 386//386
f 1554//1554 1627//1627 1628//1628 1555//1555
f 314//314 315//315 388//388 387//387
f 1555//1555 1628//1628 1629//1629 1556//1556
f 315//315 316//316 389//389 388//388
f 1556//1556 1629//1629 1630//1630 1557//1557
f 316//316 317//317 390//390 389//389
f 1557//1557 1630//1630 1631//1631 1558//1558
f 317//317 318//318 391//391 390//390
f 1558//1558 1631//1631 1632//1632 1559//1559
f 318//318 319//319 392//392 391//391
f 1559//1559 1632//1632 1633//1633 1560//1560
f 319//319 320//320 393//393 392//392
f 1560//1560 1633//1633 1634//1634 1561//1561
f 320//320 321//321 394//394 393//393
f 1561//1561 1634//1634 1635//1635 1562//1562
f 321//321 322//322 395//395 394//394
f 1562//1562 1635//1635 1636//1636 1563//1563
f 322//322 323//323 396//396 395//395
f 1563//1563 1636//1636 1637//1637 1564//1564
f 323//323 324//324 397//397 396//396
f 1564//1564 1637//1637 1638//1638 1565//1565
f 324//324 325//325 398//398 397//397
f 1565//1565 1638//1638 1639//1639 1566//1566
f 325//325 326//326 399//399 398//398
f 1566//1566 1639//1639 1640//1640 1567//1567
f 326//326 327//327 400//400 399//399
f 1567//1567 1640//1640 1641//1641 1568//1568
f 327//327 328//328 401//401 400//400
f 1568//1568 1641//1641 1642//1642 1569//1569
f 328//328 329//329 402//402 401//401
f 1569//1569 1642//1642 1643//1643 1570//1570
f 329//329 330//330 403//403 402//402
f 1570//1570 1643//1643 1644//1644 1571//1571
f 330//330 331//331 404//404 403//403
f 1571//1571 1644//1644 1645//1645 1572//1572
f 331//331 332//332 405//405 404//404
f 1572//1572 1645//1645 1646//1646 1573//1573
f 332//332 333//333 406//406 405//405
f 1573//1573 1646//1646 1647//1647 1574//1574
f 333//333 334//334 407//407 406//406
f 1574//1574 1647//1647 1648//1648 1575//1575
f 334//334 335//335 408//408 407//407
f 1575//1575 1648//1648 1649//1649 1576//1576
f 335//335 336//336 409//409 408//408
f 1576//1576 1649//1649 1650//1650 1577//1577
f 336//336 337//337 410//410 409//409
f 1577//1577 1650//1650 1651//1651 1578//1578
f 337//337 338//338 411//411 410//410
f 1578//1578 1651//1651 1652//1652 1579//1579
f 338//338 339//339 412//412 411//411
f 1579//1579 1652//1652 1653//1653 1580//1580
f 339//339 340//340 413//413 412//412
f 1580//1580 1653//1653 1654//1654 1581//1581
f 340//340 341//341 414//414 413//413
f 1581//1581 1654//1654 1655//1655 1582//1582
f 341//341 342//342 415//415 414//414
f 1582//1582 1655//1655 1656//1656 1583//1583
f 342//342 343//343 416//416 415//415
f 1583//1583 1656//1656 1657//1657 1584//1584
f 343//343 344//344 417//417 416//416
f 1584//1584 1657//1657 1658//1658 1585//1585
f 344//344 345//345 418//418 417//417
f 1585//1585 1658//1658 1659//1659 1586//1586
f 345//345 346//346 419//419 418//418
f 1586//1586 1659//1659 1660//1660 1587//1587
f 346//346 347//347 420//420 419//419
f 1587//1587 1660//1660 1661//1661 1588//1588
f 347//347 348//348 421//421 420//420
f 1588//1588 1661//1661 1662//1662 1589//1589
f 348//348 349//349 422//422 421//421
f 1589//1589 1662//1662 1663//1663 1590//1590
f 349//349 350//350 423//423 422//422
f 1590//1590 1663//1663 1664//1664 1591//1591
f 350//350 351//351 424//424 423//423
f 1591//1591 1664//1664 1665//1665 1592//1592
f 351//351 352//352 425//425 424//424
f 1592//1592 1665//1665 1666//1666 1593//1593
f 352//352 353//353 426//426 425//425
f 1593//1593 1666//1666 1667//1667 1594//1594
f 353//353 354//354 427//427 426//426
f 1594//1594 1667//1667 1668//1668 1595//1595
f 354//354 355//355 428//428 427//427
f 1595//1595 1668//1668 1669//1669 1596//1596
f 355//355 356//356 429//429 428//428
f 1596//1596 1669//1669 1670//1670 1597//1597
f 356//356 357//357 430//430 429//429
f 1597//1597 1670//1670 1671//1671 1598//1598
f 357//357 358//358 431//431 430//430
f 1598//1598 1671//1671 1672//1672 1599//1599
f 358//358 359//359 432//432 431//431
f 1599//1599 1672//1672 1673//1673 1600//1600
f 359//359 360//360 433//433 432//432
f 1600//1600 1673//1673 1674//1674 1601//1601
f 360//360 361//361 434//434 433//433
f 1601//1601 1674//1674 1675//1675 1602//1602
f 361//361 362//362 435//435 434//434
f 1602//1602 1675//1675 1676//1676 1603//1603
f 362//362 363//363 436//436 435//435
f 1603//1603 1676//1676 1677//1677 1604//1604
f 363//363 364//364 437//437 436//436
f 1604//1604 1677//1677 1678//1678 1605//1605
f 364//364 365//365 438//438 437//437
f 1605//1605 1678//1678 1679//1679 1606//1606
f 366//366 367//367 440//440 439//439
f 1607//1607 1680//1680 1681//1681 1608//1608
f 367//367 368//368 441//441 440//440
f 1608//1608 1681//1681 1682//1682 1609//1609
f 368//368 369//369 442//442 441//441
f 1609//1609 1682//1682 1683//1683 1610//1610
f 369//369 370//370 443//443 442//442
f 1610//1610 1683//1683 1684//1684 1611//1611
f 370//370 371//371 444//444 443//443
f 1611//1611 1684//1684 1685//1685 1612//1612
f 371//371 372//372 445//445 444//444
f 1612//1612 1685//1685 1686//1686 1613//1613
f 372//372 373//373 446//446 445//445
f 1613//1613 1686//1686 1687//1687 1614//1614
f 373//373 374//374 447//447 446//446
f 1614//1614 1687//1687 1688//1688 1615//1615
f 374//374 375//375 448//448 447//447
f 1615//1615 1688//1688 1689//1689 1616//1616
f 375//375 376//376 449//449 448//448
f 1616//1616 1689//1689 1690//1690 1617//1617
f 376//376 377//377 450//450 449//449
f 1617//1617 1690//1690 1691//1691 1618//1618
f 377//377 378//378 451//451 450//450
f 1618//1618 1691//1691 1692//1692 1619//1619
f 378//378 379//379 452//452 451//451
f 1619//1619 1692//1692 1693//1693 1620//1620
f 379//379 380//380 453//453 452//452
f 1620//1620 1693//1693 1694//1694 1621//1621
f 380//380 381//381 454//454 453//453
f 1621//1621 1694//1694 1695//1695 1622//1622
f 381//381 382//382 455//455 454//454
f 1622//1622 1695//1695 1696//1696 1623//1623
f 382//382 383//383 456//456 455//455
f 1623//1623 1696//1696 1697//1697 1624//1624
f 383//383 384//384 457//457 456//456
f 1624//1624 1697//1697 1698//1698 1625//1625
f 384//384 385//385 458//458 457//457
f 1625//1625 1698//1698 1699//1699 1626//1626
f 385//385 386//386 459//459 458//458
f 1626//1626 1699//1699 1700//1700 1627//1627
f 386//386 387//387 460//460 459//459
f 1627//1627 1700//1700 1701//1701 1628//1628
f 387//387 388//388 461//461 460//460
f 1628//1628 1701//1701 1702//1702 1629//1629
f 388//388 389//389 462//462 461//461
f 1629//1629 1702//1702 1703//1703 1630//1630
f 389//389 390//390 463//463 462//462
f 1630//1630 1703//1703 1704//1704 1631//1631
f 390//390 391//391 464//464 463//463
f 1631//1631 1704//1704 1705//1705 1632//1632
f 391//391 392//392 465//465 464//464
f 1632//1632 1705//1705 1706//1706 1633//1633
f 392//392 393//393 466//466 465//465
f 1633//1633 1706//1706 1707//1707 1634//1634
f 393//393 394//394 467//467 466//466
f 1634//1634 1707//1707 1708//1708 1635//1635
f 394//394 395//395 468//468 467//467
f 1635//1635 1708//1708 1709//1709 1636//1636
f 395//395 396//396 469//469 468//468
f 1636//1636 1709//1709 1710//1710 1637//1637
f 396//396 397//397 470//470 469//469
f 1637//1637 1710//1710 1711//1711 1638//1638
f 397//397 398//398 471//471 470//470
f 1638//1638 1711//1711 1712//1712 1639//1639
f 398//398 399//399 472//472 471//471
f 1639//1639 1712//1712 1713//1713 1640//1640
f 399//399 400//400 473//473 472//472
f 1640//1640 1713//1713 1714//1714 1641//1641
f 400//400 401//401 474//474 473//473
f 1641//1641 1714//1714 1715//1715 1642//1642
f 401//401 402//402 475//475 474//474
f 1642//1642 1715//1715 1716//1716 1643//1643
f 402//402 403//403 476//476 475//475
f 1643//1643 1716//1716 1717//1717 1644//1644
f 403//403 404//404 477//477 476//476
f 1644//1644 1717//1717 1718//1718 1645//1645
f 404//404 405//405 478//478 477//477
f 1645//1645 1718//1718 1719//1719 1646//1646
f 405//405 406//406 479//479 478//478
f 1646//1646 1719//1719 1720//1720 1647//1647
f 406//406 407//407 480//480 479//479
f 1647//1647 1720//1720 1721//1721 1648//1648
f 407//407 408//408 481//481 480//480
f 1648//1648 1721//1721 1722//1722 1649//1649
f 408//408 409//409 482//482 481//481
f 1649//1649 1722//1722 1723//1723 1650//1650
f 409//409 410//410 483//483 482//482
f 1650//1650 1723//1723 1724//1724 1651//1651
f 410//410 411//411 484//484 483//483
f 1651//1651 1724//1724 1725//1725 1652//1652
f 411//411 412//412 485//485 484//484
f 1652//1652 1725//1725 1726//1726 1653//1653
f 412//412 413//413 486//486 485//485
f 1653//1653 1726//1726 1727//1727 1654//1654
f 413//413 414//414 487//487 486//486
f 1654//1654 1727//1727 1728//1728 1655//1655
f 414//414 415//415 488//488 487//487
f 1655//1655 1728//1728 1729//1729 1656//1656
f 415//415 416//416 489//489 488//488
f 1656//1656 1729//1729 1730//1730 1657//1657
f 416//416 417//417 490//490 489//489
f 1657//1657 1730//1730 1731//1731 1658//1658
f 417//417 418//418 491//491 490//490
f 1658//1658 1731//1731 1732//1732 1659//1659
f 418//418 419//419 492//492 491//491
f 1659//1659 1732//1732 1733//1733 1660//1660
f 419//419 420//420 493//493 492//492
f 1660//1660 1733//1733 1734//1734 1661//1661
f 420//420 421//421 494//494 493//493
f 1661//1661 1734//1734 1735//1735 1662//1662
f 421//421 422//422 495//495 494//494
f 1662//1662 1735//1735 1736//1736 1663//1663
f 422//422 423//423 496//496 495//495
f 1663//1663 1736//1736 1737//1737 1664//1664
f 423//423 424//424 497//497 496//496
f 1664//1664 1737//1737 1738//1738 1665//1665
f 424//424 425//425 498//498 497//497
f 1665//1665 1738//1738 1739//1739 1666//1666
f 425//425 426//426 499//499 498//498
f 1666//1666 1739//1739 1740//1740 1667//1667
f 426//426 427//427 500//500 499//499
f 1667//1667 1740//1740 1741//1741 1668//1668
f 427//427 428//428 501//501 500//500
f 1668//1668 1741//1741 1742//1742 1669//1669
f 428//428 429//429 502//502 501//501
f 1669//1669 1742//1742 1743//1743 1670//1670
f 429//429 430//430 503//503 502//502
f 1670//1670 1743//1743 1744//1744 1671//1671
f 430//430 431//431 504//504 503//503
f 1671//1671 1744//1744 1745//1745 1672//1672
f 431//431 432//432 505//505 504//504
f 1672//1672 1745//1745 1746//1746 1673//1673
f 432//432 433//433 506//506 505//505
f 1673//1673 1746//1746 1747//1747 1674//1674
f 433//433 434//434 507//507 506//506
f 1674//1674 1747//1747 1748//1748 1675//1675
f 434//434 435//435 508//508 507//507
f 1675//1675 1748//1748 1749//1749 1676//1676
f 435//435 436//436 509//509 508//508
f 1676//1676 1749//1749 1750//1750 1677//1677
f 436//436 437//437 510//510 509//509
f 1677//1677 1750//1750 1751//1751 1678//1678
f 437//437 438//438 511//511 510//510
f 1678//1678 1751//1751 1752//1752 1679//1679
f 439//439 440//440 513//513 512//512
f 1680//1680 1753//1753 1754//1754 1681//1681
f 440//440 441//441 514//514 513//513
f 1681//1681 1754//1754 1755//1755 1682//1682
f 441//441 442//442 515//515 514//514
f 1682//1682 1755//1755 1756//1756 1683//1683
f 442//442 443//443 516//516 515//515
f 1683//1683 1756//1756 1757//1757 1684//1684
f 443//443 444//444 517//517 516//516
f 1684//1684 1757//1757 1758//1758 1685//1685
f 444//444 445//445 518//518 517//517
f 1685//1685 1758//1758 1759//1759 1686//1686
f 445//445 446//446 519//519 518//518
f 1686//1686 1759//1759 1760//1760 1687//1687
f 446//446 447//447 520//520 519//519
f 1687//1687 1760//1760 1761//1761 1688//1688
f 447//447 448//448 521//521 520//520
f 1688//1688 1761//1761 1762//1762 1689//1689
f 448//448 449//449 522//522 521//521
f 1689//1689 1762//1762 1763//1763 1690//1690
f 449//449 450//450 523//523 522//522
f 1690//1690 1763//1763 1764//1764 1691//1691
f 450//450 451//451 524//524 523//523
f 1691//1691 1764//1764 1765//1765 1692//1692
f 451//451 452//452 525//525 524//524
f 1692//1692 1765//1765 1766//1766 1693//1693
f 452//452 453//453 526//526 525//525
f 1693//1693 1766//1766 1767//1767 1694//1694
f 453//453 454//454 527//527 526//526
f 1694//1694 1767//1767 1768//1768 1695//1695
f 454//454 455//455 528//528 527//527
f 1695//1695 1768//1768 1769//1769 1696//1696
f 455//455 456//456 529//529 528//528
f 1696//1696 1769//1769 1770//1770 1697//1697
f 456//456 457//457 530//530 529//529
f 1697//1697 1770//1770 1771//1771 1698//1698
f 457//457 458//458 531//531 530//530
f 1698//1698 1771//1771 1772//1772 1699//1699
f 458//458 459//459 532//532 531//531
f 1699//1699 1772//1772 1773//1773 1700//1700
f 459//459 460//460 533//533 532//532
f 1700//1700 1773//1773 1774//1774 1701//1701
f 460//460 461//461 534//534 533//533
f 1701//1701 1774//1774 1775//1775 1702//1702
f 461//461 462//462 535//535 534//534
f 1702//1702 1775//1775 1776//1776 1703//1703
f 462//462 463//463 536//536 535//535
f 1703//1703 1776//1776 1777//1777 1704//1704
f 463//463 464//464 537//537 536//536
f 1704//1704 1777//1777 1778//1778 1705//1705
f 464//464 465//465 538//538 537//537
f 1705//1705 1778//1778 1779//1779 1706//1706
f 465//465 466//466 539//539 538//538
f 1706//1706 1779//1779 1780//1780 1707//1707
f 466//466 467//467 540//540 539//539
f 1707//1707 1780//1780 1781//1781 1708//1708
f 467//467 468//468 541//541 540//540
f 1708//1708 1781//1781 1782//1782 1709//1709
f 468//468 469//469 542//542 541//541
f 1709//1709 1782//1782 1783//1783 1710//1710
f 469//469 470//470 543//543 542//542
f 1710//1710 1783//1783 1784//1784 1711//1711
f 470//470 471//471 544//544 543//543
f 1711//1711 1784//1784 1785//1785 1712//1712
f 471//471 472//472 545//545 544//544
f 1712//1712 1785//1785 1786//1786 1713//1713
f 472//472 473//473 546//546 545//545
f 1713//1713 1786//1786 1787//1787 1714//1714
f 473//473 474//474 547//547 546//546
f 1714//1714 1787//1787 1788//1788 1715//1715
f 474//474 475//475 548//548 547//547
f 1715//1715 1788//1788 1789//1789 1716//1716
f 475//475 476//476 549//549 548//548
f 1716//1716 1789//1789 1790//1790 1717//1717
f 476//476 477//477 550//550 549//549
f 1717//1717 1790//1790 1791//1791 1718//1718
f 477//477 478//478 551//551 550//550
f 1718//1718 1791//1791 1792//1792 1719//1719
f 478//478 479//479 552//552 551//551
f 1719//1719 1792//1792 1793//1793 1720//1720
f 479//479 480//480 553//553 552//552
f 1720//1720 1793//1793 1794//1794 1721//1721
f 480//480 481//481 554//554 553//553
f 1721//1721 1794//1794 1795//1795 1722//1722
f 481//481 482//482 555//555 554//554
f 1722//1722 1795//1795 1796//1796 1723//1723
f 482//482 483//483 556//556 555//555
f 1723//1723 1796//1796 1797//1797 1724//1724
f 483//483 484//484 557//557 556//556
f 1724//1724 1797//1797 1798//1798 1725//1725
f 484//484 485//485 558//558 557//557
f 1725//1725 1798//1798 1799//1799 1726//1726
f 485//485 486//486 559//559 558//558
f 1726//1726 1799//1799 1800//1800 1727//1727
f 486//486 487//487 560//560 559//559
f 1727//1727 1800//1800 1801//1801 1728//1728
f 487//487 488//488 561//561 560//560
f 1728//1728 1801//1801 1802//1802 1729//1729
f 488//488 489//489 562//562 561//561
f 1729//1729 1802//1802 1803//1803 1730//1730
f 489//489 490//490 563//563 562//562
f 1730//1730 1803//1803 1804//1804 1731//1731
f 490//490 491//491 564//564 563//563
f 1731//1731 1804//1804 1805//1805 1732//1732
f 491//491 492//492 565//565 564//564
f 1732//1732 1805//1805 1806//1806 1733//1733
f 492//492 493//493 566//566 565//565
f 1733//1733 1806//1806 1807//1807 1734//1734
f 493//493 494//494 567//567 566//566
f 1734//1734 1807//1807 1808//1808 1735//1735
f 494//494 495//495 568//568 567//567
f 1735//1735 1808//1808 1809//1809 1736//1736
f 495//495 496//496 569//569 568//568
f 1736//1736 1809//1809 1810//1810 1737//1737
f 496//496 497//497 570//570 569//569
f 1737//1737 1810//1810 1811//1811 1738//1738
f 497//497 498//498 571//571 570//570
f 1738//1738 1811//1811 1812//1812 1739//1739
f 498//498 499//499 572//572 571//571
f 1739//1739 1812//1812 1813//1813 1740//1740
f 499//499 500//500 573//573 572//572
f 1740//1740 1813//1813 1814//1814 1741//1741
f 500//500 501//501 574//574 573//573
f 1741//1741 1814//1814 1815//1815 1742//1742
f 501//501 502//502 575//575 574//574
f 1742//1742 1815//1815 1816//1816 1743//1743
f 502//502 503//503 576//576 575//575
f 1743//1743 1816//1816 1817//1817 1744//1744
f 503//503 504//504 577//577 576//576
f 1744//1744 1817//1817 1818//1818 1745//1745
f 504//504 505//505 578//578 577//577
f 1745//1745 1818//1818 1819//1819 1746//1746
f 505//505 506//506 579//579 578//578
f 1746//1746 1819//1819 1820//1820 1747//1747
f 506//506 507//507 580//580 579//579
f 1747//1747 1820//1820 1821//1821 1748//1748
f 507//507 508//508 581//581 580//580
f 1748//1748 1821//1821 1822//1822 1749//1749
f 508//508 509//509 582//582 581//581
f 1749//1749 1822//1822 1823//1823 1750//1750
f 509//509 510//510 583//583 582//582
f 1750//1750 1823//1823 1824//1824 1751//1751
f 510//510 511//511 584//584 583//583
f 1751//1751 1824//1824 1825//1825 1752//1752
f 512//512 513//513 586//586 585//585
f 1753//1753 1826//1826 1827//1827 1754//1754
f 513//513 514//514 587//587 586//586
f 1754//1754 1827//1827 1828//1828 1755//1755
f 514//514 515//515 588//588 587//587
f 1755//1755 1828//1828 1829//1829 1756//1756
f 515//515 516//516 589//589 588//588
f 1756//1756 1829//1829 1830//1830 1757//1757
f 516//516 517//517 590//590 589//589
f 1757//1757 1830//1830 1831//1831 1758//1758
f 517//517 518//518 591//591 590//590
f 1758//1758 1831//1831 1832//1832 1759//1759
f 518//518 519//519 592//592 591//591
f 1759//1759 1832//1832 1833//1833 1760//1760
f 519//519 520//520 593//593 592//592
f 1760//1760 1833//1833 1834//1834 1761//1761
f 520//520 521//521 594//594 593//593
f 1761//1761 1834//1834 1835//1835 1762//1762
f 521//521 522//522 595//595 594//594
f 1762//1762 1835//1835 1836//1836 1763//1763
f 522//522 523//523 596//596 595//595
f 1763//1763 1836//1836 1837//1837 1764//1764
f 523//523 524//524 597//597 596//596
f 1764//1764 1837//1837 1838//1838 1765//1765
f 524//524 525//525 598//598 597//597
f 1765//1765 1838//1838 1839//1839 1766//1766
f 525//525 526//526 599//599 598//598
f 1766//1766 1839//1839 1840//1840 1767//1767
f 526//526 527//527 600//600 599//599
f 1767//1767 1840//1840 1841//1841 1768//1768
f 527//527 528//528 601//601 600//600
f 1768//1768 1841//1841 1842//1842 1769//1769
f 528//528 529//529 602//602 601//601
f 1769//1769 1842//1842 1843//1843 1770//1770
f 529//529 530//530 603//603 602//602
f 1770//1770 1843//1843 1844//1844 1771//1771
f 530//530 531//531 604//604 603//603
f 1771//1771 1844//1844 1845//1845 1772//1772
f 531//531 532//532 605//605 604//604
f 1772//1772 1845//1845 1846//1846 1773//1773
f 532//532 533//533 606//606 605//605
f 1773//1773 1846//1846 1847//1847 1774//1774
f 533//533 534//534 607//607 606//606
f 1774//1774 1847//1847 1848//1848 1775//1775
f 534//534 535//535 608//608 607//607
f 1775//1775 1848//1848 1849//1849 1776//1776
f 535//535 536//536 609//609 608//608
f 1776//1776 1849//1849 1850//1850 1777//1777
f 536//536 537//537 610//610 609//609
f 1777//1777 1850//1850 1851//1851 1778//1778
f 537//537 538//538 611//611 610//610
f 1778//1778 1851//1851 1852//1852 1779//1779
f 538//538 539//539 612//612 611//611
f 1779//1779 1852//1852 1853//1853 1780//1780
f 539//539 540//540 613//613 612//612
f 1780//1780 1853//1853 1854//1854 1781//1781
f 540//540 541//541 614//614 613//613
f 1781//1781 1854//1854 1855//1855 1782//1782
f 541//541 542//542 615//615 614//614
f 1782//1782 1855//1855 1856//1856 1783//1783
f 542//542 543//543 616//616 615//615
f 1783//1783 1856//1856 1857//1857 1784//1784
f 543//543 544//544 617//617 616//616
f 1784//1784 1857//1857 1858//1858 1785//1785
f 544//544 545//545 618//618 617//617
f 1785//1785 1858//1858 1859//1859 1786//1786
f 545//545 546//546 619//619 618//618
f 1786//1786 1859//1859 1860//1860 1787//1787
f 546//546 547//547 620//620 619//619
f 1787//1787 1860//1860 1861//1861 1788//1788
f 547//547 548//548 621//621 620//620
f 1788//1788 1861//1861 1862//1862 1789//1789
f 548//548 549//549 622//622 621//621
f 1789//1789 1862//1862 1863//1863 1790//1790
f 549//549 550//550 623//623 622//622
f 1790//1790 1863//1863 1864//1864 1791//1791
f 550//550 551//551 624//624 623//623
f 1791//1791 1864//1864 1865//1865 1792//1792
f 551//551 552//552 625//625 624//624
f 1792//1792 1865//1865 1866//1866 1793//1793
f 552//552 553//553 626//626 625//625
f 1793//1793 1866//1866 1867//1867 1794//1794
f 553//553 554//554 627//627 626//626
f 1794//1794 1867//1867 1868//1868 1795//1795
f 554//554 555//555 628//628 627//627
f 1795//1795 1868//1868 1869//1869 1796//1796
f 555//555 556//556 629//629 628//628
f 1796//1796 1869//1869 1870//1870 1797//1797
f 556//556 557//557 630//630 629//629
f 1797//1797 1870//1870 1871//1871 1798//1798
f 557//557 558//558 631//631 630//630
f 1798//1798 1871//1871 1872//1872 1799//1799
f 558//558 559//559 632//632 631//631
f 1799//1799 1872//1872 1873//1873 1800//1800
f 559//559 560//560 633//633 632//632
f 1800//1800 1873//1873 1874//1874 1801//1801
f 560//560 561//561 634//634 633//633
f 1801//1801 1874//1874 1875//1875 1802//1802
f 561//561 562//562 635//635 634//634
f 1802//1802 1875//1875 1876//1876 1803//1803
f 562//562 563//563 636//636 635//635
f 1803//1803 1876//1876 1877//1877 1804//1804
f 563//563 564//564 637//637 636//636
f 1804//1804 1877//1877 1878//1878 1805//1805
f 564//564 565//565 638//638 637//637
f 1805//1805 1878//1878 1879//1879 1806//1806
f 565//565 566//566 639//639 638//638
f 1806//1806 1879//1879 1880//1880 1807//1807
f 566//566 567//567 640//640 639//639
f 1807//1807 1880//1880 1881//1881 1808//1808
f 567//567 568//568 641//641 640//640
f 1808//1808 1881//1881 1882//1882 1809//1809
f 568//568 569//569 642//642 641//641
f 1809//1809 1882//1882 1883//1883 1810//1810
f 569//569 570//570 643//643 642//642
f 1810//1810 1883//1883 1884//1884 1811//1811
f 570//570 571//571 644//644 643//643
f 1811//1811 1884//1884 1885//1885 1812//1812
f 571//571 572//572 645//645 644//644
f 1812//1812 1885//1885 1886//1886 1813//1813
f 572//572 573//573 646//646 645//645
f 1813//1813 1886//1886 1887//1887 1814//1814
f 573//573 574//574 647//647 646//646
f 1814//1814 1887//1887 1888//1888 1815//1815
f 574//574 575//575 648//648 647//647
f 1815//1815 1888//1888 1889//1889 1816//1816
f 575//575 576//576 649//649 648//648
f 1816//1816 1889//1889 1890//1890 1817//1817
f 576//576 577//577 650//650 649//649
f 1817//1817 1890//1890 1891//1891 1818//1818
f 577//577 578//578 651//651 650//650
f 1818//1818 1891//1891 1892//1892 1819//1819
f 578//578 579//579 652//652 651//651
f 1819//1819 1892//1892 1893//1893 1820//1820
f 579//579 580//580 653//653 652//652
f 1820//1820 1893//1893 1894//1894 1821//1821
f 580//580 581//581 654//654 653//653
f 1821//1821 1894//1894 1895//1895 1822//1822
f 581//581 582//582 655//655 654//654
f 1822//1822 1895//1895 1896//1896 1823//1823
f 582//582 583//583 656//656 655//655
f 1823//1823 1896//1896 1897//1897 1824//1824
f 583//583 584//584 657//657 656//656
f 1824//1824 1897//1897 1898//1898 1825//1825
f 585//585 586//586 659//659 658//658
f 1826//1826 1899//1899 1900//1900 1827//1827
f 586//586 587//587 660//660 659//659
f 1827//1827 1900//1900 1901//1901 1828//1828
f 587//587 588//588 661//661 660//660
f 1828//1828 1901//1901 1902//1902 1829//1829
f 588//588 589//589 662//662 661//661
f 1829//1829 1902//1902 1903//1903 1830//1830
f 589//589 590//590 663//663 662//662
f 1830//1830 1903//1903 1904//1904 1831//1831
f 590//590 591//591 664//664 663//663
f 1831//1831 1904//1904 1905//1905 1832//1832
f 591//591 592//592 665//665 664//664
f 1832//1832 1905//1905 1906//1906 1833//1833
f 592//592 593//593 666//666 665//665
f 1833//1833 1906//1906 1907//1907 1834//1834
f 593//593 594//594 667//667 666//666
f 1834//1834 1907//1907 1908//1908 1835//1835
f 594//594 595//595 668//668 667//667
f 1835//1835 1908//1908 1909//1909 1836//1836
f 595//595 596//596 669//669 668//668
f 1836//1836 1909//1909 1910//1910 1837//1837
f 596//596 597//597 670//670 669//669
f 1837//1837 1910//1910 1911//1911 1838//1838
f 597//597 598//598 671//671 670//670
f 1838//1838 1911//1911 1912//1912 1839//1839
f 598//598 599//599 672//672 671//671
f 1839//1839 1912//1912 1913//1913 1840//1840
f 599//599 600//600 673//673 672//672
f 1840//1840 1913//1913 1914//1914 1841//1841
f 600//600 601//601 674//674 673//673
f 1841//1841 1914//1914 1915//1915 1842//1842
f 601//601 602//602 675//675 674//674
f 1842//1842 1915//1915 1916//1916 1843//1843
f 602//602 603//603 676//676 675//675
f 1843//1843 1916//1916 1917//1917 1844//1844
f 603//603 604//604 677//677 676//676
f 1844//1844 1917//1917 1918//1918 1845//1845
f 604//604 605//605 678//678 677//677
f 1845//1845 1918//1918 1919//1919 1846//1846
f 605//605 606//606 679//679 678//678
f 1846//1846 1919//1919 1920//1920 1847//1847
f 606//606 607//607 680//680 679//679
f 1847//1847 1920//1920 1921//1921 1848//1848
f 607//607 608//608 681//681 680//680
f 1848//1848 1921//1921 1922//1922 1849//1849
f 608//608 609//609 682//682 681//681
f 1849//1849 1922//1922 1923//1923 1850//1850
f 609//609 610//610 683//683 682//682
f 1850//1850 1923//1923 1924//1924 1851//1851
f 610//610 611//611 684//684 683//683
f 1851//1851 1924//1924 1925//1925 1852//1852
f 611//611 612//612 685//685 684//684
f 1852//1852 1925//1925 1926//1926 1853//1853
f 612//612 613//613 686//686 685//685
f 1853//1853 1926//1926 1927//1927 1854//1854
f 613//613 614//614 687//687 686//686
f 1854//1854 1927//1927 1928//1928 1855//1855
f 614//614 615//615 688//688 687//687
f 1855//1855 1928//1928 1929//1929 1856//1856
f 615//615 616//616 689//689 688//688
f 1856//1856 1929//1929 1930//1930 1857//1857
f 616//616 617//617 690//690 689//689
f 1857//1857 1930//1930 1931//1931 1858//1858
f 617//617 618//618 691//691 690//690
f 1858//1858 1931//1931 1932//1932 1859//1859
f 618//618 619//619 692//692 691//691
f 1859//1859 1932//1932 1933//1933 1860//1860
f 619//619 620//620 693//693 692//692
f 1860//1860 1933//1933 1934//1934 1861//1861
f 620//620 621//621 694//694 693//693
f 1861//1861 1934//1934 1935//1935 1862//1862
f 621//621 622//622 695//695 694//694
f 1862//1862 1935//1935 1936//1936 1863//1863
f 622//622 623//623 696//696 695//695
f 1863//1863 1936//1936 1937//1937 1864//1864
f 623//623 624//624 697//697 696//696
f 1864//1864 1937//1937 1938//1938 1865//1865
f 624//624 625//625 698//698 697//697
f 1865//1865 1938//1938 1939//1939 1866//1866
f 625//625 626//626 699//699 698//698
f 1866//1866 1939//1939 1940//1940 1867//1867
f 626//626 627//627 700//700 699//699
f 1867//1867 1940//1940 1941//1941 1868//1868
f 627//627 628//628 701//701 700//700
f 1868//1868 1941//1941 1942//1942 1869//1869
f 628//628 629//629 702//702 701//701
f 1869//1869 1942//1942 1943//1943 1870//1870
f 629//629 630//630 703//703 702//702
f 1870//1870 1943//1943 1944//1944 1871//1871
f 630//630 631//631 704//704 703//703
f 1871//1871 1944//1944 1945//1945 1872//1872
f 631//631 632//632 705//705 704//704
f 1872//1872 1945//1945 1946//1946 1873//1873
f 632//632 633//633 706//706 705//705
f 1873//1873 1946//1946 1947//1947 1874//1874
f 633//633 634//634 707//707 706//706
f 1874//1874 1947//1947 1948//1948 1875//1875
f 634//634 635//635 708//708 707//707
f 1875//1875 1948//1948 1949//1949 1876//1876
f 635//635 636//636 709//709 708//708
f 1876//1876 1949//1949 1950//1950 1877//1877
f 636//636 637//637 710//710 709//709
f 1877//1877 1950//1950 1951//1951 1878//1878
f 637//637 638//638 711//711 710//710
f 1878//1878 1951//1951 1952//1952 1879//1879
f 638//638 639//639 712//712 711//711
f 1879//1879 1952//1952 1953//1953 1880//1880
f 639//639 640//640 713//713 712//712
f 1880//1880 1953//1953 1954//1954 1881//1881
f 640//640 641//641 714//714 713//713
f 1881//1881 1954//1954 1955//1955 1882//1882
f 641//641 642//642 715//715 714//714
f 1882//1882 1955//1955 1956//1956 1883//1883
f 642//642 643//643 716//716 715//715
f 1883//1883 1956//1956 1957//1957 1884//1884
f 643//643 644//644 717//717 716//716
f 1884//1884 1957//1957 1958//1958 1885//1885
f 644//644 645//645 718//718 717//717
f 1885//1885 1958//1958 1959//1959 1886//1886
f 645//645 646//646 719//719 718//718
f 1886//1886 1959//1959 1960//1960 1887//1887
f 646//646 647//647 720//720 719//719
f 1887//1887 1960//1960 1961//1961 1888//1888
f 647//647 648//648 721//721 720//720
f 1888//1888 1961//1961 1962//1962 1889//1889
f 648//648 649//649 722//722 721//721
f 1889//1889 1962//1962 1963//1963 1890//1890
f 649//649 650//650 723//723 722//722
f 1890//1890 1963//1963 1964//1964 1891//1891
f 650//650 651//651 724//724 723//723
f 1891//1891 1964//1964 1965//1965 1892//1892
f 651//651 652//652 725//725 724//724
f 1892//1892 1965//1965 1966//1966 1893//1893
f 652//652 653//653 726//726 725//725
f 1893//1893 1966//1966 1967//1967 1894//1894
f 653//653 654//654 727//727 726//726
f 1894//1894 1967//1967 1968//1968 1895//1895
f 654//654 655//655 728//728 727//727
f 1895//1895 1968//1968 1969//1969 1896//1896
f 655//655 656//656 729//729 728//728
f 1896//1896 1969//1969 1970//1970 1897//1897
f 656//656 657//657 730//730 729//729
f 1897//1897 1970//1970 1971//1971 1898//1898
f 658//658 659//659 732//732 731//731
f 1899//1899 1972//1972 1973//1973 1900//1900
f 659//659 660//660 733//733 732//732
f 1900//1900 1973//1973 1974//1974 1901//1901
f 660//660 661//661 734//734 733//733
f 1901//1901 1974//1974 1975//1975 1902//1902
f 661//661 662//662 735//735 734//734
f 1902//1902 1975//1975 1976//1976 1903//1903
f 662//662 663//663 736//736 735//735
f 1903//1903 1976//1976 1977//1977 1904//1904
f 663//663 664//664 737//737 736//736
f 1904//1904 1977//1977 1978//1978 1905//1905
f 664//664 665//665 738//738 737//737
f 1905//1905 1978//1978 1979//1979 1906//1906
f 665//665 666//666 739//739 738//738
f 1906//1906 1979//1979 1980//1980 1907//1907
f 666//666 667//667 740//740 739//739
f 1907//1907 1980//1980 1981//1981 1908//1908
f 667//667 668//668 741//741 740//740
f 1908//1908 1981//1981 1982//1982 1909//1909
f 668//668 669//669 742//742 741//741
f 1909//1909 1982//1982 1983//1983 1910//1910
f 669//669 670//670 743//743 742//742
f 1910//1910 1983//1983 1984//1984 1911//1911
f 670//670 671//671 744//744 743//743
f 1911//1911 1984//1984 1985//1985 1912//1912
f 671//671 672//672 745//745 744//744
f 1912//1912 1985//1985 1986//1986 1913//1913
f 672//672 673//673 746//746 745//745
f 1913//1913 1986//1986 1987//1987 1914//1914
f 673//673 674//674 747//747 746//746
f 1914//1914 1987//1987 1988//1988 1915//1915
f 674//674 675//675 748//748 747//747
f 1915//1915 1988//1988 1989//1989 1916//1916
f 675//675 676//676 749//749 748//748
f 1916//1916 1989//1989 1990//1990 1917//1917
f 676//676 677//677 750//750 749//749
f 1917//1917 1990//1990 1991//1991 1918//1918
f 677//677 678//678 751//751 750//750
f 1918//1918 1991//1991 1992//1992 1919//1919
f 678//678 679//679 752//752 751//751
f 1919//1919 1992//1992 1993//1993 1920//1920
f 679//679 680//680 753//753 752//752
f 1920//1920 1993//1993 1994//1994 1921//1921
f 680//680 681//681 754//754 753//753
f 1921//1921 1994//1994 1995//1995 1922//1922
f 681//681 682//682 755//755 754//754
f 1922//1922 1995//1995 1996//1996 1923//1923
f 682//682 683//683 756//756 755//755
f 1923//1923 1996//1996 1997//1997 1924//1924
f 683//683 684//684 757//757 756//756
f 1924//1924 1997//1997 1998//1998 1925//1925
f 684//684 685//685 758//758 757//757
f 1925//1925 1998//1998 1999//1999 1926//1926
f 685//685 686//686 759//759 758//758
f 1926//1926 1999//1999 2000//2000 1927//1927
f 686//686 687//687 760//760 759//759
f 1927//1927 2000//2000 2001//2001 1928//1928
f 687//687 688//688 761//761 760//760
f 1928//1928 2001//2001 2002//2002 1929//1929
f 688//688 689//689 762//762 761//761
f 1929//1929 2002//2002 2003//2003 1930//1930
f 689//689 690//690 763//763 762//762
f 1930//1930 2003//2003 2004//2004 1931//1931
f 690//690 691//691 764//764 763//763
f 1931//1931 2004//2004 2005//2005 1932//1932
f 691//691 692//692 765//765 764//764
f 1932//1932 2005//2005 2006//2006 1933//1933
f 692//692 693//693 766//766 765//765
f 1933//1933 2006//2006 2007//2007 1934//1934
f 693//693 694//694 767//767 766//766
f 1934//1934 2007//2007 2008//2008 1935//1935
f 694//694 695//695 768//768 767//767
f 1935//1935 2008//2008 2009//2009 1936//1936
f 695//695 696//696 769//769 768//768
f 1936//1936 2009//2009 2010//2010 1937//1937
f 696//696 697//697 770//770 769//769
f 1937//1937 2010//2010 2011//2011 1938//1938
f 697//697 698//698 771//771 770//770
f 1938//1938 2011//2011 2012//2012 1939//1939
f 698//698 699//699 772//772 771//771
f 1939//1939 2012//2012 2013//2013 1940//1940
f 699//699 700//700 773//773 772//772
f 1940//1940 2013//2013 2014//2014 1941//1941
f 700//700 701//701 774//774 773//773
f 1941//1941 2014//2014 2015//2015 1942//1942
f 701//701 702//702 775//775 774//774
f 1942//1942 2015//2015 2016//2016 1943//1943
f 702//702 703//703 776//776 775//775
f 1943//1943 2016//2016 2017//2017 1944//1944
f 703//703 704//704 777//777 776//776
f 1944//1944 2017//2017 2018//2018 1945//1945
f 704//704 705//705 778//778 777//777
f 1945//1945 2018//2018 2019//2019 1946//1946
f 705//705 706//706 779//779 778//778
f 1946//1946 2019//2019 2020//2020 1947//1947
f 706//706 707//707 780//780 779//779
f 1947//1947 2020//2020 2021//2021 1948//1948
f 707//707 708//708 781//781 780//780
f 1948//1948 2021//2021 2022//2022 1949//1949
f 708//708 709//709 782//782 781//781
f 1949//1949 2022//2022 2023//2023 1950//1950
f 709//709 710//710 783//783 782//782
f 1950//1950 2023//2023 2024//2024 1951//1951
f 710//710 711//711 784//784 783//783
f 1951//1951 2024//2024 2025//2025 1952//1952
f 711//711 712//712 785//785 784//784
f 1952//1952 2025//2025 2026//2026 1953//1953
f 712//712 713//713 786//786 785//785
f 1953//1953 2026//2026 2027//2027 1954//1954
f 713//713 714//714 787//787 786//786
f 1954//1954 2027//2027 2028//2028 1955//1955
f 714//714 715//715 788//788 787//787
f 1955//1955 2028//2028 2029//2029 1956//1956
f 715//715 716//716 789//789 788//788
f 1956//1956 2029//2029 2030//2030 1957//1957
f 716//716 717//717 790//790 789//789
f 1957//1957 2030//2030 2031//2031 1958//1958
f 717//717 718//718 791//791 790//790
f 1958//1958 2031//2031 2032//2032 1959//1959
f 718//718 719//719 792//792 791//791
f 1959//1959 2032//2032 2033//2033 1960//1960
f 719//719 720//720 793//793 792//792
f 1960//1960 2033//2033 2034//2034 1961//1961
f 720//720 721//721 794//794 793//793
f 1961//1961 2034//2034 2035//2035 1962//1962
f 721//721 722//722 795//795 794//794
f 1962//1962 2035//2035 2036//2036 1963//1963
f 722//722 723//723 796//796 795//795
f 1963//1963 2036//2036 2037//2037 1964//1964
f 723//723 724//724 797//797 796//796
f 1964//1964 2037//2037 2038//2038 1965//1965
f 724//724 725//725 798//798 797//797
f 1965//1965 2038//2038 2039//2039 1966//1966
f 725//725 726//726 799//799 798//798
f 1966//1966 2039//2039 2040//2040 1967//1967
f 726//726 727//727 800//800 799//799
f 1967//1967 2040//2040 2041//2041 1968//1968
f 727//727 728//728 801//801 800//800
f 1968//1968 2041//2041 2042//2042 1969//1969
f 728//728 729//729 802//802 801//801
f 1969//1969 2042//2042 2043//2043 1970//1970
f 729//729 730//730 803//803 802//802
f 1970//1970 2043//2043 2044//2044 1971//1971
f 731//731 732//732 805//805 804//804
f 1972//1972 2045//2045 2046//2046 1973//1973
f 732//732 733//733 806//806 805//805
f 1973//1973 2046//2046 2047//2047 1974//1974
f 733//733 734//734 807//807 806//806
f 1974//1974 2047//2047 2048//2048 1975//1975
f 734//734 735//735 808//808 807//807
f 1975//1975 2048//2048 2049//2049 1976//1976
f 735//735 736//736 809//809 808//808
f 1976//1976 2049//2049 2050//2050 1977//1977
f 736//736 737//737 810//810 809//809
f 1977//1977 2050//2050 2051//2051 1978//1978
f 737//737 738//738 811//811 810//810
f 1978//1978 2051//2051 2052//2052 1979//1979
f 738//738 739//739 812//812 811//811
f 1979//1979 2052//2052 2053//2053 1980//1980
f 739//739 740//740 813//813 812//812
f 1980//1980 2053//2053 2054//2054 1981//1981
f 740//740 741//741 814//814 813//813
f 1981//1981 2054//2054 2055//2055 1982//1982
f 741//741 742//742 815//815 814//814
f 1982//1982 2055//2055 2056//2056 1983//1983
f 742//742 743//743 816//816 815//815
f 1983//1983 2056//2056 2057//2057 1984//1984
f 743//743 744//744 817//817 816//816
f 1984//1984 2057//2057 2058//2058 1985//1985
f 744//744 745//745 818//818 817//817
f 1985//1985 2058//2058 2059//2059 1986//1986
f 745//745 746//746 819//819 818//818
f 1986//1986 2059//2059 2060//2060 1987//1987
f 746//746 747//747 820//820 819//819
f 1987//1987 2060//2060 2061//2061 1988//1988
f 747//747 748//748 821//821 820//820
f 1988//1988 2061//2061 2062//2062 1989//1989
f 748//748 749//749 822//822 821//821
f 1989//1989 2062//2062 2063//2063 1990//1990
f 749//749 750//750 823//823 822//822
f 1990//1990 2063//2063 2064//2064 1991//1991
f 750//750 751//751 824//824 823//823
f 1991//1991 2064//2064 2065//2065 1992//1992
f 751//751 752//752 825//825 824//824
f 1992//1992 2065//2065 2066//2066 1993//1993
f 752//752 753//753 826//826 825//825
f 1993//1993 2066//2066 2067//2067 1994//1994
f 753//753 754//754 827//827 826//826
f 1994//1994 2067//2067 2068//2068 1995//1995
f 754//754 755//755 828//828 827//827
f 1995//1995 2068//2068 2069//2069 1996//1996
f 755//755 756//756 829//829 828//828
f 1996//1996 2069//2069 2070//2070 1997//1997
f 756//756 757//757 830//830 829//829
f 1997//1997 2070//2070 2071//2071 1998//1998
f 757//757 758//758 831//831 830//830
f 1998//1998 2071//2071 2072//2072 1999//1999
f 758//758 759//759 832//832 831//831
f 1999//1999 2072//2072 2073//2073 2000//2000
f 759//759 760//760 833//833 832//832
f 2000//2000 2073//2073 2074//2074 2001//2001
f 760//760 761//761 834//834 833//833
f 2001//2001 2074//2074 2075//2075 2002//2002
f 761//761 762//762 835//835 834//834
f 2002//2002 2075//2075 2076//2076 2003//2003
f 762//762 763//763 836//836 835//835
f 2003//2003 2076//2076 2077//2077 2004//2004
f 763//763 764//764 837//837 836//836
f 2004//2004 2077//2077 2078//2078 2005//2005
f 764//764 765//765 838//838 837//837
f 2005//2005 2078//2078 2079//2079 2006//2006
f 765//765 766//766 839//839 838//838
f 2006//2006 2079//2079 2080//2080 2007//2007
f 766//766 767//767 840//840 839//839
f 2007//2007 2080//2080 2081//2081 2008//2008
f 767//767 768//768 841//841 840//840
f 2008//2008 2081//2081 2082//2082 2009//2009
f 768//768 769//769 842//842 841//841
f 2009//2009 2082//2082 2083//2083 2010//2010
f 769//769 770//770 843//843 842//842
f 2010//2010 2083//2083 2084//2084 2011//2011
f 770//770 771//771 844//844 843//843
f 2011//2011 2084//2084 2085//2085 2012//2012
f 771//771 772//772 845//845 844//844
f 2012//2012 2085//2085 2086//2086 2013//2013
f 772//772 773//773 846//846 845//845
f 2013//2013 2086//2086 2087//2087 2014//2014
f 773//773 774//774 847//847 846//846
f 2014//2014 2087//2087 2088//2088 2015//2015
f 774//774 775//775 848//848 847//847
f 2015//2015 2088//2088 2089//2089 2016//2016
f 775//775 776//776 849//849 848//848
f 2016//2016 2089//2089 2090//2090 2017//2017
f 776//776 777//777 850//850 849//849
f 2017//2017 2090//2090 2091//2091 2018//2018
f 777//777 778//778 851//851 850//850
f 2018//2018 2091//2091 2092//2092 2019//2019
f 778//778 779//779 852//852 851//851
f 2019//2019 2092//2092 2093//2093 2020//2020
f 779//779 780//780 853//853 852//852
f 2020//2020 2093//2093 2094//2094 2021//2021
f 780//780 781//781 854//854 853//853
f 2021//2021 2094//2094 2095//2095 2022//2022
f 781//781 782//782 855//855 854//854
f 2022//2022 2095//2095 2096//2096 2023//2023
f 782//782 783//783 856//856 855//855
f 2023//2023 2096//2096 2097//2097 2024//2024
f 783//783 784//784 857//857 856//856
f 2024//2024 2097//2097 2098//2098 2025//2025
f 784//784 785//785 858//858 857//857
f 2025//2025 2098//2098 2099//2099 2026//2026
f 785//785 786//786 859//859 858//858
f 2026//2026 2099//2099 2100//2100 2027//2027
f 786//786 787//787 860//860 859//859
f 2027//2027 2100//2100 2101//2101 2028//2028
f 787//787 788//788 861//861 860//860
f 2028//2028 2101//2101 2102//2102 2029//2029
f 788//788 789//789 862//862 861//861
f 2029//2029 2102//2102 2103//2103 2030//2030
f 789//789 790//790 863//863 862//862
f 2030//2030 2103//2103 2104//2104 2031//2031
f 790//790 791//791 864//864 863//863
f 2031//2031 2104//2104 2105//2105 2032//2032
f 791//791 792//792 865//865 864//864
f 2032//2032 2105//2105 2106//2106 2033//2033
f 792//792 793//793 866//866 865//865
f 2033//2033 2106//2106 2107//2107 2034//2034
f 793//793 794//794 867//867 866//866
f 2034//2034 2107//2107 2108//2108 2035//2035
f 794//794 795//795 868//868 867//867
f 2035//2035 2108//2108 2109//2109 2036//2036
f 795//795 796//796 869//869 868//868
f 2036//2036 2109//2109 2110//2110 2037//2037
f 796//796 797//797 870//870 869//869
f 2037//2037 2110//2110 2111//2111 2038//2038
f 797//797 798//798 871//871 870//870
f 2038//2038 2111//2111 2112//2112 2039//2039
f 798//798 799//799 872//872 871//871
f 2039//2039 2112//2112 2113//2113 2040//2040
f 799//799 800//800 873//873 872//872
f 2040//2040 2113//2113 2114//2114 2041//2041
f 800//800 801//801 874//874 873//873
f 2041//2041 2114//2114 2115//2115 2042//2042
f 801//801 802//802 875//875 874//874
f 2042//2042 2115//2115 2116//2116 2043//2043
f 802//802 803//803 876//876 875//875
f 2043//2043 2116//2116 2117//2117 2044//2044
f 804//804 805//805 878//878 877//877
f 2045//2045 2118//2118 2119//2119 2046//2046
f 805//805 806//806 879//879 878//878
f 2046//2046 2119//2119 2120//2120 2047//2047
f 806//806 807//807 880//880 879//879
f 2047//2047 2120//2120 2121//2121 2048//2048
f 807//807 808//808 881//881 880//880
f 2048//2048 2121//2121 2122//2122 2049//2049
f 808//808 809//809 882//882 881//881
f 2049//2049 2122//2122 2123//2123 2050//2050
f 809//809 810//810 883//883 882//882
f 2050//2050 2123//2123 2124//2124 2051//2051
f 810//810 811//811 884//884 883//883
f 2051//2051 2124//2124 2125//2125 2052//2052
f 811//811 812//812 885//885 884//884
f 2052//2052 2125//2125 2126//2126 2053//2053
f 812//812 813//813 886//886 885//885
f 2053//2053 2126//2126 2127//2127 2054//2054
f 813//813 814//814 887//887 886//886
f 2054//2054 2127//2127 2128//2128 2055//2055
f 814//814 815//815 888//888 887//887
f 2055//2055 2128//2128 2129//2129 2056//2056
f 815//815 816//816 889//889 888//888
f 2056//2056 2129//2129 2130//2130 2057//2057
f 816//816 817//817 890//890 889//889
f 2057//2057 2130//2130 2131//2131 2058//2058
f 817//817 818//818 891//891 890//890
f 2058//2058 2131//2131 2132//2132 2059//2059
f 818//818 819//819 892//892 891//891
f 2059//2059 2132//2132 2133//2133 2060//2060
f 819//819 820//820 893//893 892//892
f 2060//2060 2133//2133 2134//2134 2061//2061
f 820//820 821//821 894//894 893//893
f 2061//2061 2134//2134 2135//2135 2062//2062
f 821//821 822//822 895//895 894//894
f 2062//2062 2135//2135 2136//2136 2063//2063
f 822//822 823//823 896//896 895//895
f 2063//2063 2136//2136 2137//2137 2064//2064
f 823//823 824//824 897//897 896//896
f 2064//2064 2137//2137 2138//2138 2065//2065
f 824//824 825//825 898//898 897//897
f 2065//2065 2138//2138 2139//2139 2066//2066
f 825//825 826//826 899//899 898//898
f 2066//2066 2139//2139 2140//2140 2067//2067
f 826//826 827//827 900//900 899//899
f 2067//2067 2140//2140 2141//2141 2068//2068
f 827//827 828//828 901//901 900//900
f 2068//2068 2141//2141 2142//2142 2069//2069
f 828//828 829//829 902//902 901//901
f 2069//2069 2142//2142 2143//2143 2070//2070
f 829//829 830//830 903//903 902//902
f 2070//2070 2143//2143 2144//2144 2071//2071
f 830//830 831//831 904//904 903//903
f 2071//2071 2144//2144 2145//2145 2072//2072
f 831//831 832//832 905//905 904//904
f 2072//2072 2145//2145 2146//2146 2073//2073
f 832//832 833//833 906//906 905//905
f 2073//2073 2146//2146 2147//2147 2074//2074
f 833//833 834//834 907//907 906//906
f 2074//2074 2147//2147 2148//2148 2075//2075
f 834//834 835//835 908//908 907//907
f 2075//2075 2148//2148 2149//2149 2076//2076
f 835//835 836//836 909//909 908//908
f 2076//2076 2149//2149 2150//2150 2077//2077
f 836//836 837//837 910//910 909//909
f 2077//2077 2150//2150 2151//2151 2078//2078
f 837//837 838//838 911//911 910//910
f 2078//2078 2151//2151 2152//2152 2079//2079
f 838//838 839//839 912//912 911//911
f 2079//2079 2152//2152 2153//2153 2080//2080
f 839//839 840//840 913//913 912//912
f 2080//2080 2153//2153 2154//2154 2081//2081
f 840//840 841//841 914//914 913//913
f 2081//2081 2154//2154 2155//2155 2082//2082
f 841//841 842//842 915//915 914//914
f 2082//2082 2155//2155 2156//2156 2083//2083
f 842//842 843//843 916//916 915//915
f 2083//2083 2156//2156 2157//2157 2084//2084
f 843//843 844//844 917//917 916//916
f 2084//2084 2157//2157 2158//2158 2085//2085
f 844//844 845//845 918//918 917//917
f 2085//2085 2158//2158 2159//2159 2086//2086
f 845//845 846//846 919//919 918//918
f 2086//2086 2159//2159 2160//2160 2087//2087
f 846//846 847//847 920//920 919//919
f 2087//2087 2160//2160 2161//2161 2088//2088
f 847//847 848//848 921//921 920//920
f 2088//2088 2161//2161 2162//2162 2089//2089
f 848//848 849//849 922//922 921//921
f 2089//2089 2162//2162 2163//2163 2090//2090
f 849//849 850//850 923//923 922//922
f 2090//2090 2163//2163 2164//2164 2091//2091
f 850//850 851//851 924//924 923//923
f 2091//2091 2164//2164 2165//2165 2092//2092
f 851//851 852//852 925//925 924//924
f 2092//2092 2165//2165 2166//2166 2093//2093
f 852//852 853//853 926//926 925//925
f 2093//2093 2166//2166 2167//2167 2094//2094
f 853//853 854//854 927//927 926//926
f 2094//2094 2167//2167 2168//2168 2095//2095
f 854//854 855//855 928//928 927//927
f 2095//2095 2168//2168 2169//2169 2096//2096
f 855//855 856//856 929//929 928//928
f 2096//2096 2169//2169 2170//2170 2097//2097
f 856//856 857//857 930//930 929//929
f 2097//2097 2170//2170 2171//2171 2098//2098
f 857//857 858//858 931//931 930//930
f 2098//2098 2171//2171 2172//2172 2099//2099
f 858//858 859//859 932//932 931//931
f 2099//2099 2172//2172 2173//2173 2100//2100
f 859//859 860//860 933//933 932//932
f 2100//2100 2173//2173 2174//2174 2101//2101
f 860//860 861//861 934//934 933//933
f 2101//2101 2174//2174 2175//2175 2102//2102
f 861//861 862//862 935//935 934//934
f 2102//2102 2175//2175 2176//2176 2103//2103
f 862//862 863//863 936//936 935//935
f 2103//2103 2176//2176 2177//2177 2104//2104
f 863//863 864//864 937//937 936//936
f 2104//2104 2177//2177 2178//2178 2105//2105
f 864//864 865//865 938//938 937//937
f 2105//2105 2178//2178 2179//2179 2106//2106
f 865//865 866//866 939//939 938//938
f 2106//2106 2179//2179 2180//2180 2107//2107
f 866//866 867//867 940//940 939//939
f 2107//2107 2180//2180 2181//2181 2108//2108
f 867//867 868//868 941//941 940//940
f 2108//2108 2181//2181 2182//2182 2109//2109
f 868//868 869//869 942//942 941//941
f 2109//2109 2182//2182 2183//2183 2110//2110
f 869//869 870//870 943//943 942//942
f 2110//2110 2183//2183 2184//2184 2111//2111
f 870//870 871//871 944//944 943//943
f 2111//2111 2184//2184 2185//2185 2112//2112
f 871//871 872//872 945//945 944//944
f 2112//2112 2185//2185 2186//2186 2113//2113
f 872//872 873//873 946//946 945//945
f 2113//2113 2186//2186 2187//2187 2114//2114
f 873//873 874//874 947//947 946//946
f 2114//2114 2187//2187 2188//2188 2115//2115
f 874//874 875//875 948//948 947//947
f 2115//2115 2188//2188 2189//2189 2116//2116
f 875//875 876//876 949//949 948//948
f 2116//2116 2189//2189 2190//2190 2117//2117
f 877//877 878//878 951//951 950//950
f 2118//2118 2191//2191 2192//2192 2119//2119
f 878//878 879//879 952//952 951//951
f 2119//2119 2192//2192 2193//2193 2120//2120
f 879//879 880//880 953//953 952//952
f 2120//2120 2193//2193 2194//2194 2121//2121
f 880//880 881//881 954//954 953//953
f 2121//2121 2194//2194 2195//2195 2122//2122
f 881//881 882//882 955//955 954//954
f 2122//2122 2195//2195 2196//2196 2123//2123
f 882//882 883//883 956//956 955//955
f 2123//2123 2196//2196 2197//2197 2124//2124
f 883//883 884//884 957//957 956//956
f 2124//2124 2197//2197 2198//2198 2125//2125
f 884//884 885//885 958//958 957//957
f 2125//2125 2198//2198 2199//2199 2126//2126
f 885//885 886//886 959//959 958//958
f 2126//2126 2199//2199 2200//2200 2127//2127
f 886//886 887//887 960//960 959//959
f 2127//2127 2200//2200 2201//2201 2128//2128
f 887//887 888//888 961//961 960//960
f 2128//2128 2201//2201 2202//2202 2129//2129
f 888//888 889//889 962//962 961//961
f 2129//2129 2202//2202 2203//2203 2130//2130
f 889//889 890//890 963//963 962//962
f 2130//2130 2203//2203 2204//2204 2131//2131
f 890//890 891//891 964//964 963//963
f 2131//2131 2204//2204 2205//2205 2132//2132
f 891//891 892//892 965//965 964//964
f 2132//2132 2205//2205 2206//2206 2133//2133
f 892//892 893//893 966//966 965//965
f 2133//2133 2206//2206 2207//2207 2134//2134
f 893//893 894//894 967//967 966//966
f 2134//2134 2207//2207 2208//2208 2135//2135
f 894//894 895//895 968//968 967//967
f 2135//2135 2208//2208 2209//2209 2136//2136
f 895//895 896//896 969//969 968//968
f 2136//2136 2209//2209 2210//2210 2137//2137
f 896//896 897//897 970//970 969//969
f 2137//2137 2210//2210 2211//2211 2138//2138
f 897//897 898//898 971//971 970//970
f 2138//2138 2211//2211 2212//2212 2139//2139
f 898//898 899//899 972//972 971//971
f 2139//2139 2212//2212 2213//2213 2140//2140
f 899//899 900//900 973//973 972//972
f 2140//2140 2213//2213 2214//2214 2141//2141
f 900//900 901//901 974//974 973//973
f 2141//2141 2214//2214 2215//2215 2142//2142
f 901//901 902//902 975//975 974//974
f 2142//2142 2215//2215 2216//2216 2143//2143
f 902//902 903//903 976//976 975//975
f 2143//2143 2216//2216 2217//2217 2144//2144
f 903//903 904//904 977//977 976//976
f 2144//2144 2217//2217 2218//2218 2145//2145
f 904//904 905//905 978//978 977//977
f 2145//2145 2218//2218 2219//2219 2146//2146
f 905//905 906//906 979//979 978//978
f 2146//2146 2219//2219 2220//2220 2147//2147
f 906//906 907//907 980//980 979//979
f 2147//2147 2220//2220 2221//2221 2148//2148
f 907//907 908//908 981//981 980//980
f 2148//2148 2221//2221 2222//2222 2149//2149
f 908//908 909//909 982//982 981//981
f 2149//2149 2222//2222 2223//2223 2150//2150
f 909//909 910//910 983//983 982//982
f 2150//2150 2223//2223 2224//2224 2151//2151
f 910//910 911//911 984//984 983//983
f 2151//2151 2224//2224 2225//2225 2152//2152
f 911//911 912//912 985//985 984//984
f 2152//2152 2225//2225 2226//2226 2153//2153
f 912//912 913//913 986//986 985//985
f 2153//2153 2226//2226 2227//2227 2154//2154
f 913//913 914//914 987//987 986//986
f 2154//2154 2227//2227 2228//2228 2155//2155
f 914//914 915//915 988//988 987//987
f 2155//2155 2228//2228 2229//2229 2156//2156
f 915//915 916//916 989//989 988//988
f 2156//2156 2229//2229 2230//2230 2157//2157
f 916//916 917//917 990//990 989//989
f 2157//2157 2230//2230 2231//2231 2158//2158
f 917//917 918//918 991//991 990//990
f 2158//2158 2231//2231 2232//2232 2159//2159
f 918//918 919//919 992//992 991//991
f 2159//2159 2232//2232 2233//2233 2160//2160
f 919//919 920//920 993//993 992//992
f 2160//2160 2233//2233 2234//2234 2161//2161
f 920//920 921//921 994//994 993//993
f 2161//2161 2234//2234 2235//2235 2162//2162
f 921//921 922//922 995//995 994//994
f 2162//2162 2235//2235 2236//2236 2163//2163
f 922//922 923//923 996//996 995//995
f 2163//2163 2236//2236 2237//2237 2164//2164
f 923//923 924//924 997//997 996//996
f 2164//2164 2237//2237 2238//2238 2165//2165
f 924//924 925//925 998//998 997//997
f 2165//2165 2238//2238 2239//2239 2166//2166
f 925//925 926//926 999//999 998//998
f 2166//2166 2239//2239 2240//2240 2167//2167
f 926//926 927//927 1000//1000 999//999
f 2167//2167 2240//2240 2241//2241 2168//2168
f 927//927 928//928 1001//1001 1000//1000
f 2168//2168 2241//2241 2242//2242 2169//2169
f 928//928 929//929 1002//1002 1001//1001
f 2169//2169 2242//2242 2243//2243 2170//2170
f 929//929 930//930 1003//1003 1002//1002
f 2170//2170 2243//2243 2244//2244 2171//2171
f 930//930 931//931 1004//1004 1003//1003
f 2171//2171 2244//2244 2245//2245 2172//2172
f 931//931 932//932 1005//1005 1004//1004
f 2172//2172 2245//2245 2246//2246 2173//2173
f 932//932 933//933 1006//1006 1005//1005
f 2173//2173 2246//2246 2247//2247 2174//2174
f 933//933 934//934 1007//1007 1006//1006
f 2174//2174 2247//2247 2248//2248 2175//2175
f 934//934 935//935 1008//1008 1007//1007
f 2175//2175 2248//2248 2249//2249 2176//2176
f 935//935 936//936 1009//1009 1008//1008
f 2176//2176 2249//2249 2250//2250 2177//2177
f 936//936 937//937 1010//1010 1009//1009
f 2177//2177 2250//2250 2251//2251 2178//2178
f 937//937 938//938 1011//1011 1010//1010
f 2178//2178 2251//2251 2252//2252 2179//2179
f 938//938 939//939 1012//1012 1011//1011
f 2179//2179 2252//2252 2253//2253 2180//2180
f 939//939 940//940 1013//1013 1012//1012
f 2180//2180 2253//2253 2254//2254 2181//2181
f 940//940 941//941 1014//1014 1013//1013
f 2181//2181 2254//2254 2255//2255 2182//2182
f 941//941 942//942 1015//1015 1014//1014
f 2182//2182 2255//2255 2256//2256 2183//2183
f 942//942 943//943 1016//1016 1015//1015
f 2183//2183 2256//2256 2257//2257 2184//2184
f 943//943 944//944 1017//1017 1016//1016
f 2184//2184 2257//2257 2258//2258 2185//2185
f 944//944 945//945 1018//1018 1017//1017
f 2185//2185 2258//2258 2259//2259 2186//2186
f 945//945 946//946 1019//1019 1018//1018
f 2186//2186 2259//2259 2260//2260 2187//2187
f 946//946 947//947 1020//1020 1019//1019
f 2187//2187 2260//2260 2261//2261 2188//2188
f 947//947 948//948 1021//1021 1020//1020
f 2188//2188 2261//2261 2262//2262 2189//2189
f 948//948 949//949 1022//1022 1021//1021
f 2189//2189 2262//2262 2263//2263 2190//2190
f 950//950 951//951 1024//1024 1023//1023
f 2191//2191 2264//2264 2265//2265 2192//2192
f 951//951 952//952 1025//1025 1024//1024
f 2192//2192 2265//2265 2266//2266 2193//2193
f 952//952 953//953 1026//1026 1025//1025
f 2193//2193 2266//2266 2267//2267 2194//2194
f 953//953 954//954 1027//1027 1026//1026
f 2194//2194 2267//2267 2268//2268 2195//2195
f 954//954 955//955 1028//1028 1027//1027
f 2195//2195 2268//2268 2269//2269 2196//2196
f 955//955 956//956 1029//1029 1028//1028
f 2196//2196 2269//2269 2270//2270 2197//2197
f 956//956 957//957 1030//1030 1029//1029
f 2197//2197 2270//2270 2271//2271 2198//2198
f 957//957 958//958 1031//1031 1030//1030
f 2198//2198 2271//2271 2272//2272 2199//2199
f 958//958 959//959 1032//1032 1031//1031
f 2199//2199 2272//2272 2273//2273 2200//2200
f 959//959 960//960 1033//1033 1032//1032
f 2200//2200 2273//2273 2274//2274 2201//2201
f 960//960 961//961 1034//1034 1033//1033
f 2201//2201 2274//2274 2275//2275 2202//2202
f 961//961 962//962 1035//1035 1034//1034
f 2202//2202 2275//2275 2276//2276 2203//2203
f 962//962 963//963 1036//1036 1035//1035
f 2203//2203 2276//2276 2277//2277 2204//2204
f 963//963 964//964 1037//1037 1036//1036
f 2204//2204 2277//2277 2278//2278 2205//2205
f 964//964 965//965 1038//1038 1037//1037
f 2205//2205 2278//2278 2279//2279 2206//2206
f 965//965 966//966 1039//1039 1038//1038
f 2206//2206 2279//2279 2280//2280 2207//2207
f 966//966 967//967 1040//1040 1039//1039
f 2207//2207 2280//2280 2281//2281 2208//2208
f 967//967 968//968 1041//1041 1040//1040
f 2208//2208 2281//2281 2282//2282 2209//2209
f 968//968 969//969 1042//1042 1041//1041
f 2209//2209 2282//2282 2283//2283 2210//2210
f 969//969 970//970 1043//1043 1042//1042
f 2210//2210 2283//2283 2284//2284 2211//2211
f 970//970 971//971 1044//1044 1043//1043
f 2211//2211 2284//2284 2285//2285 2212//2212
f 971//971 972//972 1045//1045 1044//1044
f 2212//2212 2285//2285 2286//2286 2213//2213
f 972//972 973//973 1046//1046 1045//1045
f 2213//2213 2286//2286 2287//2287 2214//2214
f 973//973 974//974 1047//1047 1046//1046
f 2214//2214 2287//2287 2288//2288 2215//2215
f 974//974 975//975 1048//1048 1047//1047
f 2215//2215 2288//2288 2289//2289 2216//2216
f 975//975 976//976 1049//1049 1048//1048
f 2216//2216 2289//2289 2290//2290 2217//2217
f 976//976 977//977 1050//1050 1049//1049
f 2217//2217 2290//2290 2291//2291 2218//2218
f 977//977 978//978 1051//1051 1050//1050
f 2218//2218 2291//2291 2292//2292 2219//2219
f 978//978 979//979 1052//1052 1051//1051
f 2219//2219 2292//2292 2293//2293 2220//2220
f 979//979 980//980 1053//1053 1052//1052
f 2220//2220 2293//2293 2294//2294 2221//2221
f 980//980 981//981 1054//1054 1053//1053
f 2221//2221 2294//2294 2295//2295 2222//2222
f 981//981 982//982 1055//1055 1054//1054
f 2222//2222 2295//2295 2296//2296 2223//2223
f 982//982 983//983 1056//1056 1055//1055
f 2223//2223 2296//2296 2297//2297 2224//2224
f 983//983 984//984 1057//1057 1056//1056
f 2224//2224 2297//2297 2298//2298 2225//2225
f 984//984 985//985 1058//1058 1057//1057
f 2225//2225 2298//2298 2299//2299 2226//2226
f 985//985 986//986 1059//1059 1058//1058
f 2226//2226 2299//2299 2300//2300 2227//2227
f 986//986 987//987 1060//1060 1059//1059
f 2227//2227 2300//2300 2301//2301 2228//2228
f 987//987 988//988 1061//1061 1060//1060
f 2228//2228 2301//2301 2302//2302 2229//2229
f 988//988 989//989 1062//1062 1061//1061
f 2229//2229 2302//2302 2303//2303 2230//2230
f 989//989 990//990 1063//1063 1062//1062
f 2230//2230 2303//2303 2304//2304 2231//2231
f 990//990 991//991 1064//1064 1063//1063
f 2231//2231 2304//2304 2305//2305 2232//2232
f 991//991 992//992 1065//1065 1064//1064
f 2232//2232 2305//2305 2306//2306 2233//2233
f 992//992 993//993 1066//1066 1065//1065
f 2233//2233 2306//2306 2307//2307 2234//2234
f 993//993 994//994 1067//1067 1066//1066
f 2234//2234 2307//2307 2308//2308 2235//2235
f 994//994 995//995 1068//1068 1067//1067
f 2235//2235 2308//2308 2309//2309 2236//2236
f 995//995 996//996 1069//1069 1068//1068
f 2236//2236 2309//2309 2310//2310 2237//2237
f 996//996 997//997 1070//1070 1069//1069
f 2237//2237 2310//2310 2311//2311 2238//2238
f 997//997 998//998 1071//1071 1070//1070
f 2238//2238 2311//2311 2312//2312 2239//2239
f 998//998 999//999 1072//1072 1071//1071
f 2239//2239 2312//2312 2313//2313 2240//2240
f 999//999 1000//1000 1073//1073 1072//1072
f 2240//2240 2313//2313 2314//2314 2241//2241
f 1000//1000 1001//1001 1074//1074 1073//1073
f 2241//2241 2314//2314 2315//2315 2242//2242
f 1001//1001 1002//1002 1075//1075 1074//1074
f 2242//2242 2315//2315 2316//2316 2243//2243
f 1002//1002 1003//1003 1076//1076 1075//1075
f 2243//2243 2316//2316 2317//2317 2244//2244
f 1003//1003 1004//1004 1077//1077 1076//1076
f 2244//2244 2317//2317 2318//2318 2245//2245
f 1004//1004 1005//1005 1078//1078 1077//1077
f 2245//2245 2318//2318 2319//2319 2246//2246
f 1005//1005 1006//1006 1079//1079 1078//1078
f 2246//2246 2319//2319 2320//2320 2247//2247
f 1006//1006 1007//1007 1080//1080 1079//1079
f 2247//2247 2320//2320 2321//2321 2248//2248
f 1007//1007 1008//1008 1081//1081 1080//1080
f 2248//2248 2321//2321 2322//2322 2249//2249
f 1008//1008 1009//1009 1082//1082 1081//1081
f 2249//2249 2322//2322 2323//2323 2250//2250
f 1009//1009 1010//1010 1083//1083 1082//1082
f 2250//2250 2323//2323 2324//2324 2251//2251
f 1010//1010 1011//1011 1084//1084 1083//1083
f 2251//2251 2324//2324 2325//2325 2252//2252
f 1011//1011 1012//1012 1085//1085 1084//1084
f 2252//2252 2325//2325 2326//2326 2253//2253
f 1012//1012 1013//1013 1086//1086 1085//1085
f 2253//2253 2326//2326 2327//2327 2254//2254
f 1013//1013 1014//1014 1087//1087 1086//1086
f 2254//2254 2327//2327 2328//2328 2255//2255
f 1014//1014 1015//1015 1088//1088 1087//1087
f 2255//2255 2328//2328 2329//2329 2256//2256
f 1015//1015 1016//1016 1089//1089 1088//1088
f 2256//2256 2329//2329 2330//2330 2257//2257
f 1016//1016 1017//1017 1090//1090 1089//1089
f 2257//2257 2330//2330 2331//2331 2258//2258
f 1017//1017 1018//1018 1091//1091 1090//1090
f 2258//2258 2331//2331 2332//2332 2259//2259
f 1018//1018 1019//1019 1092//1092 1091//1091
f 2259//2259 2332//2332 2333//2333 2260//2260
f 1019//1019 1020//1020 1093//1093 1092//1092
f 2260//2260 2333//2333 2334//2334 2261//2261
f 1020//1020 1021//1021 1094//1094 1093//1093
f 2261//2261 2334//2334 2335//2335 2262//2262
f 1021//1021 1022//1022 1095//1095 1094//1094
f 2262//2262 2335//2335 2336//2336 2263//2263
f 1023//1023 1024//1024 1097//1097 1096//1096
f 2264//2264 2337//2337 2338//2338 2265//2265
f 1024//1024 1025//1025 1098//1098 1097//1097
f 2265//2265 2338//2338 2339//2339 2266//2266
f 1025//1025 1026//1026 1099//1099 1098//1098
f 2266//2266 2339//2339 2340//2340 2267//2267
f 1026//1026 1027//1027 1100//1100 1099//1099
f 2267//2267 2340//2340 2341//2341 2268//2268
f 1027//1027 1028//1028 1101//1101 1100//1100
f 2268//2268 2341//2341 2342//2342 2269//2269
f 1028//1028 1029//1029 1102//1102 1101//1101
f 2269//2269 2342//2342 2343//2343 2270//2270
f 1029//1029 1030//1030 1103//1103 1102//1102
f 2270//2270 2343//2343 2344//2344 2271//2271
f 1030//1030 1031//1031 1104//1104 1103//1103
f 2271//2271 2344//2344 2345//2345 2272//2272
f 1031//1031 1032//1032 1105//1105 1104//1104
f 2272//2272 2345//2345 2346//2346 2273//2273
f 1032//1032 1033//1033 1106//1106 1105//1105
f 2273//2273 2346//2346 2347//2347 2274//2274
f 1033//1033 1034//1034 1107//1107 1106//1106
f 2274//2274 2347//2347 2348//2348 2275//2275
f 1034//1034 1035//1035 1108//1108 1107//1107
f 2275//2275 2348//2348 2349//2349 2276//2276
f 1035//1035 1036//1036 1109//1109 1108//1108
f 2276//2276 2349//2349 2350//2350 2277//2277
f 1036//1036 1037//1037 1110//1110 1109//1109
f 2277//2277 2350//2350 2351//2351 2278//2278
f 1037//1037 1038//1038 1111//1111 1110//1110
f 2278//2278 2351//2351 2352//2352 2279//2279
f 1038//1038 1039//1039 1112//1112 1111//1111
f 2279//2279 2352//2352 2353//2353 2280//2280
f 1039//1039 1040//1040 1113//1113 1112//1112
f 2280//2280 2353//2353 2354//2354 2281//2281
f 1040//1040 1041//1041 1114//1114 1113//1113
f 2281//2281 2354//2354 2355//2355 2282//2282
f 1041//1041 1042//1042 1115//1115 1114//1114
f 2282//2282 2355//2355 2356//2356 2283//2283
f 1042//1042 1043//1043 1116//1116 1115//1115
f 2283//2283 2356//2356 2357//2357 2284//2284
f 1043//1043 1044//1044 1117//1117 1116//1116
f 2284//2284 2357//2357 2358//2358 2285//2285
f 1044//1044 1045//1045 1118//1118 1117//1117
f 2285//2285 2358//2358 2359//2359 2286//2286
f 1045//1045 1046//1046 1119//1119 1118//1118
f 2286//2286 2359//2359 2360//2360 2287//2287
f 1046//1046 1047//1047 1120//1120 1119//1119
f 2287//2287 2360//2360 2361//2361 2288//2288
f 1047//1047 1048//1048 1121//1121 1120//1120
f 2288//2288 2361//2361 2362//2362 2289//2289
f 1048//1048 1049//1049 1122//1122 1121//1121
f 2289//2289 2362//2362 2363//2363 2290//2290
f 1049//1049 1050//1050 1123//1123 1122//1122
f 2290//2290 2363//2363 2364//2364 2291//2291
f 1050//1050 1051//1051 1124//1124 1123//1123
f 2291//2291 2364//2364 2365//2365 2292//2292
f 1051//1051 1052//1052 1125//1125 1124//1124
f 2292//2292 2365//2365 2366//2366 2293//2293
f 1052//1052 1053//1053 1126//1126 1125//1125
f 2293//2293 2366//2366 2367//2367 2294//2294
f 1053//1053 1054//1054 1127//1127 1126//1126
f 2294//2294 2367//2367 2368//2368 2295//2295
f 1054//1054 1055//1055 1128//1128 1127//1127
f 2295//2295 2368//2368 2369//2369 2296//2296
f 1055//1055 1056//1056 1129//1129 1128//1128
f 2296//2296 2369//2369 2370//2370 2297//2297
f 1056//1056 1057//1057 1130//1130 1129//1129
f 2297//2297 2370//2370 2371//2371 2298//2298
f 1057//1057 1058//1058 1131//1131 1130//1130
f 2298//2298 2371//2371 2372//2372 2299//2299
f 1058//1058 1059//1059 1132//1132 1131//1131
f 2299//2299 2372//2372 2373//2373 2300//2300
f 1059//1059 1060//1060 1133//1133 1132//1132
f 2300//2300 2373//2373 2374//2374 2301//2301
f 1060//1060 1061//1061 1134//1134 1133//1133
f 2301//2301 2374//2374 2375//2375 2302//2302
f 1061//1061 1062//1062 1135//1135 1134//1134
f 2302//2302 2375//2375 2376//2376 2303//2303
f 1062//1062 1063//1063 1136//1136 1135//1135
f 2303//2303 2376//2376 2377//2377 2304//2304
f 1063//1063 1064//1064 1137//1137 1136//1136
f 2304//2304 2377//2377 2378//2378 2305//2305
f 1064//1064 1065//1065 1138//1138 1137//1137
f 2305//2305 2378//2378 2379//2379 2306//2306
f 1065//1065 1066//1066 1139//1139 1138//1138
f 2306//2306 2379//2379 2380//2380 2307//2307
f 1066//1066 1067//1067 1140//1140 1139//1139
f 2307//2307 2380//2380 2381//2381 2308//2308
f 1067//1067 1068//1068 1141//1141 1140//1140
f 2308//2308 2381//2381 2382//2382 2309//2309
f 1068//1068 1069//1069 1142//1142 1141//1141
f 2309//2309 2382//2382 2383//2383 2310//2310
f 1069//1069 1070//1070 1143//1143 1142//1142
f 2310//2310 2383//2383 2384//2384 2311//2311
f 1070//1070 1071//1071 1144//1144 1143//1143
f 2311//2311 2384//2384 2385//2385 2312//2312
f 1071//1071 1072//1072 1145//1145 1144//1144
f 2312//2312 2385//2385 2386//2386 2313//2313
f 1072//1072 1073//1073 1146//1146 1145//1145
f 2313//2313 2386//2386 2387//2387 2314//2314
f 1073//1073 1074//1074 1147//1147 1146//1146
f 2314//2314 2387//2387 2388//2388 2315//2315
f 1074//1074 1075//1075 1148//1148 1147//1147
f 2315//2315 2388//2388 2389//2389 2316//2316
f 1075//1075 1076//1076 1149//1149 1148//1148
f 2316//2316 2389//2389 2390//2390 2317//2317
f 1076//1076 1077//1077 1150//1150 1149//1149
f 2317//2317 2390//2390 2391//2391 2318//2318
f 1077//1077 1078//1078 1151//1151 1150//1150
f 2318//2318 2391//2391 2392//2392 2319//2319
f 1078//1078 1079//1079 1152//1152 1151//1151
f 2319//2319 2392//2392 2393//2393 2320//2320
f 1079//1079 1080//1080 1153//1153 1152//1152
f 2320//2320 2393//2393 2394//2394 2321//2321
f 1080//1080 1081//1081 1154//1154 1153//1153
f 2321//2321 2394//2394 2395//2395 2322//2322
f 1081//1081 1082//1082 1155//1155 1154//1154
f 2322//2322 2395//2395 2396//2396 2323//2323
f 1082//1082 1083//1083 1156//1156 1155//1155
f 2323//2323 2396//2396 2397//2397 2324//2324
f 1083//1083 1084//1084 1157//1157 1156//1156
f 2324//2324 2397//2397 2398//2398 2325//2325
f 1084//1084 1085//1085 1158//1158 1157//1157
f 2325//2325 2398//2398 2399//2399 2326//2326
f 1085//1085 1086//1086 1159//1159 1158//1158
f 2326//2326 2399//2399 2400//2400 2327//2327
f 1086//1086 1087//1087 1160//1160 1159//1159
f 2327//2327 2400//2400 2401//2401 2328//2328
f 1087//1087 1088//1088 1161//1161 1160//1160
f 2328//2328 2401//2401 2402//2402 2329//2329
f 1088//1088 1089//1089 1162//1162 1161//1161
f 2329//2329 2402//2402 2403//2403 2330//2330
f 1089//1089 1090//1090 1163//1163 1162//1162
f 2330//2330 2403//2403 2404//2404 2331//2331
f 1090//1090 1091//1091 1164//1164 1163//1163
f 2331//2331 2404//2404 2405//2405 2332//2332
f 1091//1091 1092//1092 1165//1165 1164//1164
f 2332//2332 2405//2405 2406//2406 2333//2333
f 1092//1092 1093//1093 1166//1166 1165//1165
f 2333//2333 2406//2406 2407//2407 2334//2334
f 1093//1093 1094//1094 1167//1167 1166//1166
f 2334//2334 2407//2407 2408//2408 2335//2335
f 1094//1094 1095//1095 1168//1168 1167//1167
f 2335//2335 2408//2408 2409//2409 2336//2336
f 1096//1096 1097//1097 1170//1170 1169//1169
f 2337//2337 2410//2410 2411//2411 2338//2338
f 1097//1097 1098//1098 1171//1171 1170//1170
f 2338//2338 2411//2411 2412//2412 2339//2339
f 1098//1098 1099//1099 1172//1172 1171//1171
f 2339//2339 2412//2412 2413//2413 2340//2340
f 1099//1099 1100//1100 1173//1173 1172//1172
f 2340//2340 2413//2413 2414//2414 2341//2341
f 1100//1100 1101//1101 1174//1174 1173//1173
f 2341//2341 2414//2414 2415//2415 2342//2342
f 1101//1101 1102//1102 1175//1175 1174//1174
f 2342//2342 2415//2415 2416//2416 2343//2343
f 1102//1102 1103//1103 1176//1176 1175//1175
f 2343//2343 2416//2416 2417//2417 2344//2344
f 1103//1103 1104//1104 1177//1177 1176//1176
f 2344//2344 2417//2417 2418//2418 2345//2345
f 1104//1104 1105//1105 1178//1178 1177//1177
f 2345//2345 2418//2418 2419//2419 2346//2346
f 1105//1105 1106//1106 1179//1179 1178//1178
f 2346//2346 2419//2419 2420//2420 2347//2347
f 1106//1106 1107//1107 1180//1180 1179//1179
f 2347//2347 2420//2420 2421//2421 2348//2348
f 1107//1107 1108//1108 1181//1181 1180//1180
f 2348//2348 2421//2421 2422//2422 2349//2349
f 1108//1108 1109//1109 1182//1182 1181//1181
f 2349//2349 2422//2422 2423//2423 2350//2350
f 1109//1109 1110//1110 1183//1183 1182//1182
f 2350//2350 2423//2423 2424//2424 2351//2351
f 1110//1110 1111//1111 1184//1184 1183//1183
f 2351//2351 2424//2424 2425//2425 2352//2352
f 1111//1111 1112//1112 1185//1185 1184//1184
f 2352//2352 2425//2425 2426//2426 2353//2353
f 1112//1112 1113//1113 1186//1186 1185//1185
f 2353//2353 2426//2426 2427//2427 2354//2354
f 1113//1113 1114//1114 1187//1187 1186//1186
f 2354//2354 2427//2427 2428//2428 2355//2355
f 1114//1114 1115//1115 1188//1188 1187//1187
f 2355//2355 2428//2428 2429//2429 2356//2356
f 1115//1115 1116//1116 1189//1189 1188//1188
f 2356//2356 2429//2429 2430//2430 2357//2357
f 1116//1116 1117//1117 1190//1190 1189//1189
f 2357//2357 2430//2430 2431//2431 2358//2358
f 1117//1117 1118//1118 1191//1191 1190//1190
f 2358//2358 2431//2431 2432//2432 2359//2359
f 1118//1118 1119//1119 1192//1192 1191//1191
f 2359//2359 2432//2432 2433//2433 2360//2360
f 1119//1119 1120//1120 1193//1193 1192//1192
f 2360//2360 2433//2433 2434//2434 2361//2361
f 1120//1120 1121//1121 1194//1194 1193//1193
f 2361//2361 2434//2434 2435//2435 2362//2362
f 1121//1121 1122//1122 1195//1195 1194//1194
f 2362//2362 2435//2435 2436//2436 2363//2363
f 1122//1122 1123//1123 1196//1196 1195//1195
f 2363//2363 2436//2436 2437//2437 2364//2364
f 1123//1123 1124//1124 1197//1197 1196//1196
f 2364//2364 2437//2437 2438//2438 2365//2365
f 1124//1124 1125//1125 1198//1198 1197//1197
f 2365//2365 2438//2438 2439//2439 2366//2366
f 1125//1125 1126//1126 1199//1199 1198//1198
f 2366//2366 2439//2439 2440//2440 2367//2367
f 1126//1126 1127//1127 1200//1200 1199//1199
f 2367//2367 2440//2440 2441//2441 2368//2368
f 1127//1127 1128//1128 1201//1201 1200//1200
f 2368//2368 2441//2441 2442//2442 2369//2369
f 1128//1128 1129//1129 1202//1202 1201//1201
f 2369//2369 2442//2442 2443//2443 2370//2370
f 1129//1129 1130//1130 1203//1203 1202//1202
f 2370//2370 2443//2443 2444//2444 2371//2371
f 1130//1130 1131//1131 1204//1204 1203//1203
f 2371//2371 2444//2444 2445//2445 2372//2372
f 1131//1131 1132//1132 1205//1205 1204//1204
f 2372//2372 2445//2445 2446//2446 2373//2373
f 1132//1132 1133//1133 1206//1206 1205//1205
f 2373//2373 2446//2446 2447//2447 2374//2374
f 1133//1133 1134//1134 1207//1207 1206//1206
f 2374//2374 2447//2447 2448//2448 2375//2375
f 1134//1134 1135//1135 1208//1208 1207//1207
f 2375//2375 2448//2448 2449//2449 2376//2376
f 1135//1135 1136//1136 1209//1209 1208//1208
f 2376//2376 2449//2449 2450//2450 2377//2377
f 1136//1136 1137//1137 1210//1210 1209//1209
f 2377//2377 2450//2450 2451//2451 2378//2378
f 1137//1137 1138//1138 1211//1211 1210//1210
f 2378//2378 2451//2451 2452//2452 2379//2379
f 1138//1138 1139//1139 1212//1212 1211//1211
f 2379//2379 2452//2452 2453//2453 2380//2380
f 1139//1139 1140//1140 1213//1213 1212//1212
f 2380//2380 2453//2453 2454//2454 2381//2381
f 1140//1140 1141//1141 1214//1214 1213//1213
f 2381//2381 2454//2454 2455//2455 2382//2382
f 1141//1141 1142//1142 1215//1215 1214//1214
f 2382//2382 2455//2455 2456//2456 2383//2383
f 1142//1142 1143//1143 1216//1216 1215//1215
f 2383//2383 2456//2456 2457//2457 2384//2384
f 1143//1143 1144//1144 1217//1217 1216//1216
f 2384//2384 2457//2457 2458//2458 2385//2385
f 1144//1144 1145//1145 1218//1218 1217//1217
f 2385//2385 2458//2458 2459//2459 2386//2386
f 1145//1145 1146//1146 1219//1219 1218//1218
f 2386//2386 2459//2459 2460//2460 2387//2387
f 1146//1146 1147//1147 1220//1220 1219//1219
f 2387//2387 2460//2460 2461//2461 2388//2388
f 1147//1147 1148//1148 1221//1221 1220//1220
f 2388//2388 2461//2461 2462//2462 2389//2389
f 1148//1148 1149//1149 1222//1222 1221//1221
f 2389//2389 2462//2462 2463//2463 2390//2390
f 1149//1149 1150//1150 1223//1223 1222//1222
f 2390//2390 2463//2463 2464//2464 2391//2391
f 1150//1150 1151//1151 1224//1224 1223//1223
f 2391//2391 2464//2464 2465//2465 2392//2392
f 1151//1151 1152//1152 1225//1225 1224//1224
f 2392//2392 2465//2465 2466//2466 2393//2393
f 1152//1152 1153//1153 1226//1226 1225//1225
f 2393//2393 2466//2466 2467//2467 2394//2394
f 1153//1153 1154//1154 1227//1227 1226//1226
f 2394//2394 2467//2467 2468//2468 2395//2395
f 1154//1154 1155//1155 1228//1228 1227//1227
f 2395//2395 2468//2468 2469//2469 2396//2396
f 1155//1155 1156//1156 1229//1229 1228//1228
f 2396//2396 2469//2469 2470//2470 2397//2397
f 1156//1156 1157//1157 1230//1230 1229//1229
f 2397//2397 2470//2470 2471//2471 2398//2398
f 1157//1157 1158//1158 1231//1231 1230//1230
f 2398//2398 2471//2471 2472//2472 2399//2399
f 1158//1158 1159//1159 1232//1232 1231//1231
f 2399//2399 2472//2472 2473//2473 2400//2400
f 1159//1159 1160//1160 1233//1233 1232//1232
f 2400//2400 2473//2473 2474//2474 2401//2401
f 1160//1160 1161//1161 1234//1234 1233//1233
f 2401//2401 2474//2474 2475//2475 2402//2402
f 1161//1161 1162//1162 1235//1235 1234//1234
f 2402//2402 2475//2475 2476//2476 2403//2403
f 1162//1162 1163//1163 1236//1236 1235//1235
f 2403//2403 2476//2476 2477//2477 2404//2404
f 1163//1163 1164//1164 1237//1237 1236//1236
f 2404//2404 2477//2477 2478//2478 2405//2405
f 1164//1164 1165//1165 1238//1238 1237//1237
f 2405//2405 2478//2478 2479//2479 2406//2406
f 1165//1165 1166//1166 1239//1239 1238//1238
f 2406//2406 2479//2479 2480//2480 2407//2407
f 1166//1166 1167//1167 1240//1240 1239//1239
f 2407//2407 2480//2480 2481//2481 2408//2408
f 1167//1167 1168//1168 1241//1241 1240//1240
f 2408//2408 2481//2481 2482//2482 2409//2409
f 1//2483 2//2483 1243//2483 1242//2483
f 1169//2484 2410//2484 2411//2484 1170//2484
f 2//2483 3//2483 1244//2483 1243//2483
f 1170//2484 2411//2484 2412//2484 1171//2484
f 3//2483 4//2483 1245//2483 1244//2483
f 1171//2484 2412//2484 2413//2484 1172//2484
f 4//2483 5//2483 1246//2483 1245//2483
f 1172//2484 2413//2484 2414//2484 1173//2484
f 5//2483 6//2483 1247//2483 1246//2483
f 1173//2484 2414//2484 2415//2484 1174//2484
f 6//2483 7//2483 1248//2483 1247//2483
f 1174//2484 2415//2484 2416//2484 1175//2484
f 7//2483 8//2483 1249//2483 1248//2483
f 1175//2484 2416//2484 2417//2484 1176//2484
f 8//2483 9//2483 1250//2483 1249//2483
f 1176//2484 2417//2484 2418//2484 1177//2484
f 9//2483 10//2483 1251//2483 1250//2483
f 1177//2484 2418//2484 2419//2484 1178//2484
f 10//2483 11//2483 1252//2483 1251//2483
f 1178//2484 2419//2484 2420//2484 1179//2484
f 11//2483 12//2483 1253//2483 1252//2483
f 1179//2484 2420//2484 2421//2484 1180//2484
f 12//2483 13//2483 1254//2483 1253//2483
f 1180//2484 2421//2484 2422//2484 1181//2484
f 13//2483 14//2483 1255//2483 1254//2483
f 1181//2484 2422//2484 2423//2484 1182//2484
f 14//2483 15//2483 1256//2483 1255//2483
f 1182//2484 2423//2484 2424//2484 1183//2484
f 15//2483 16//2483 1257//2483 1256//2483
f 1183//2484 2424//2484 2425//2484 1184//2484
f 16//2483 17//2483 1258//2483 1257//2483
f 1184//2484 2425//2484 2426//2484 1185//2484
f 17//2483 18//2483 1259//2483 1258//2483
f 1185//2484 2426//2484 2427//2484 1186//2484
f 18//2483 19//2483 1260//2483 1259//2483
f 1186//2484 2427//2484 2428//2484 1187//2484
f 19//2483 20//2483 1261//2483 1260//2483
f 1187//2484 2428//2484 2429//2484 1188//2484
f 20//2483 21//2483 1262//2483 1261//2483
f 1188//2484 2429//2484 2430//2484 1189//2484
f 21//2483 22//2483 1263//2483 1262//2483
f 1189//2484 2430//2484 2431//2484 1190//2484
f 22//2483 23//2483 1264//2483 1263//2483
f 1190//2484 2431//2484 2432//2484 1191//2484
f 23//2483 24//2483 1265//2483 1264//2483
f 1191//2484 2432//2484 2433//2484 1192//2484
f 24//2483 25//2483 1266//2483 1265//2483
f 1192//2484 2433//2484 2434//2484 1193//2484
f 25//2483 26//2483 1267//2483 1266//2483
f 1193//2484 2434//2484 2435//2484 1194//2484
f 26//2483 27//2483 1268//2483 1267//2483
f 1194//2484 2435//2484 2436//2484 1195//2484
f 27//2483 28//2483 1269//2483 1268//2483
f 1195//2484 2436//2484 2437//2484 1196//2484
f 28//2483 29//2483 1270//2483 1269//2483
f 1196//2484 2437//2484 2438//2484 1197//2484
f 29//2483 30//2483 1271//2483 1270//2483
f 1197//2484 2438//2484 2439//2484 1198//2484
f 30//2483 31//2483 1272//2483 1271//2483
f 1198//2484 2439//2484 2440//2484 1199//2484
f 31//2483 32//2483 1273//2483 1272//2483
f 1199//2484 2440//2484 2441//2484 1200//2484
f 32//2483 33//2483 1274//2483 1273//2483
f 1200//2484 2441//2484 2442//2484 1201//2484
f 33//2483 34//2483 1275//2483 1274//2483
f 1201//2484 2442//2484 2443//2484 1202//2484
f 34//2483 35//2483 1276//2483 1275//2483
f 1202//2484 2443//2484 2444//2484 1203//2484
f 35//2483 36//2483 1277//2483 1276//2483
f 1203//2484 2444//2484 2445//2484 1204//2484
f 36//2483 37//2483 1278//2483 1277//2483
f 1204//2484 2445//2484 2446//2484 1205//2484
f 37//2483 38//2483 1279//2483 1278//2483
f 1205//2484 2446//2484 2447//2484 1206//2484
f 38//2483 39//2483 1280//2483 1279//2483
f 1206//2484 2447//2484 2448//2484 1207//2484
f 39//2483 40//2483 1281//2483 1280//2483
f 1207//2484 2448//2484 2449//2484 1208//2484
f 40//2483 41//2483 1282//2483 1281//2483
f 1208//2484 2449//2484 2450//2484 1209//2484
f 41//2483 42//2483 1283//2483 1282//2483
f 1209//2484 2450//2484 2451//2484 1210//2484
f 42//2483 43//2483 1284//2483 1283//2483
f 1210//2484 2451//2484 2452//2484 1211//2484
f 43//2483 44//2483 1285//2483 1284//2483
f 1211//2484 2452//2484 2453//2484 1212//2484
f 44//2483 45//2483 1286//2483 1285//2483
f 1212//2484 2453//2484 2454//2484 1213//2484
f 45//2483 46//2483 1287//2483 1286//2483
f 1213//2484 2454//2484 2455//2484 1214//2484
f 46//2483 47//2483 1288//2483 1287//2483
f 1214//2484 2455//2484 2456//2484 1215//2484
f 47//2483 48//2483 1289//2483 1288//2483
f 1215//2484 2456//2484 2457//2484 1216//2484
f 48//2483 49//2483 1290//2483 1289//2483
f 1216//2484 2457//2484 2458//2484 1217//2484
f 49//2483 50//2483 1291//2483 1290//2483
f 1217//2484 2458//2484 2459//2484 1218//2484
f 50//2483 51//2483 1292//2483 1291//2483
f 1218//2484 2459//2484 2460//2484 1219//2484
f 51//2483 52//2483 1293//2483 1292//2483
f 1219//2484 2460//2484 2461//2484 1220//2484
f 52//2483 53//2483 1294//2483 1293//2483
f 1220//2484 2461//2484 2462//2484 1221//2484
f 53//2483 54//2483 1295//2483 1294//2483
f 1221//2484 2462//2484 2463//2484 1222//2484
f 54//2483 55//2483 1296//2483 1295//2483
f 1222//2484 2463//2484 2464//2484 1223//2484
f 55//2483 56//2483 1297//2483 1296//2483
f 1223//2484 2464//2484 2465//2484 1224//2484
f 56//2483 57//2483 1298//2483 1297//2483
f 1224//2484 2465//2484 2466//2484 1225//2484
f 57//2483 58//2483 1299//2483 1298//2483
f 1225//2484 2466//2484 2467//2484 1226//2484
f 58//2483 59//2483 1300//2483 1299//2483
f 1226//2484 2467//2484 2468//2484 1227//2484
f 59//2483 60//2483 1301//2483 1300//2483
f 1227//2484 2468//2484 2469//2484 1228//2484
f 60//2483 61//2483 1302//2483 1301//2483
f 1228//2484 2469//2484 2470//2484 1229//2484
f 61//2483 62//2483 1303//2483 1302//2483
f 1229//2484 2470//2484 2471//2484 1230//2484
f 62//2483 63//2483 1304//2483 1303//2483
f 1230//2484 2471//2484 2472//2484 1231//2484
f 63//2483 64//2483 1305//2483 1304//2483
f 1231//2484 2472//2484 2473//2484 1232//2484
f 64//2483 65//2483 1306//2483 1305//2483
f 1232//2484 2473//2484 2474//2484 1233//2484
f 65//2483 66//2483 1307//2483 1306//2483
f 1233//2484 2474//2484 2475//2484 1234//2484
f 66//2483 67//2483 1308//2483 1307//2483
f 1234//2484 2475//2484 2476//2484 1235//2484
f 67//2483 68//2483 1309//2483 1308//2483
f 1235//2484 2476//2484 2477//2484 1236//2484
f 68//2483 69//2483 1310//2483 1309//2483
f 1236//2484 2477//2484 2478//2484 1237//2484
f 69//2483 70//2483 1311//2483 1310//2483
f 1237//2484 2478//2484 2479//2484 1238//2484
f 70//2483 71//2483 1312//2483 1311//2483
f 1238//2484 2479//2484 2480//2484 1239//2484
f 71//2483 72//2483 1313//2483 1312//2483
f 1239//2484 2480//2484 2481//2484 1240//2484
f 72//2483 73//2483 1314//2483 1313//2483
f 1240//2484 2481//2484 2482//2484 1241//2484
f 1//2485 1242//2485 1315//2485 74//2485
f 73//2486 146//2486 1387//2486 1314//2486
f 74//2485 1315//2485 1388//2485 147//2485
f 146//2486 219//2486 1460//2486 1387//2486
f 147//2485 1388//2485 1461//2485 220//2485
f 219//2486 292//2486 1533//2486 1460//2486
f 220//2485 1461//2485 1534//2485 293//2485
f 292//2486 365//2486 1606//2486 1533//2486
f 293//2485 1534//2485 1607//2485 366//2485
f 365//2486 438//2486 1679//2486 1606//2486
f 366//2485 1607//2485 1680//2485 439//2485
f 438//2486 511//2486 1752//2486 1679//2486
f 439//2485 1680//2485 1753//2485 512//2485
f 511//2486 584//2486 1825//2486 1752//2486
f 512//2485 1753//2485 1826//2485 585//2485
f 584//2486 657//2486 1898//2486 1825//2486
f 585//2485 1826//2485 1899//2485 658//2485
f 657//2486 730//2486 1971//2486 1898//2486
f 658//2485 1899//2485 1972//2485 731//2485
f 730//2486 803//2486 2044//2486 1971//2486
f 731//2485 1972//2485 2045//2485 804//2485
f 803//2486 876//2486 2117//2486 2044//2486
f 804//2485 2045//2485 2118//2485 877//2485
f 876//2486 949//2486 2190//2486 2117//2486
f 877//2485 2118//2485 2191//2485 950//2485
f 949//2486 1022//2486 2263//2486 2190//2486
f 950//2485 2191//2485 2264//2485 1023//2485
f 1022//2486 1095//2486 2336//2486 2263//2486
f 1023//2485 2264//2485 2337//2485 1096//2485
f 1095//2486 1168//2486 2409//2486 2336//2486
f 1096//2485 2337//2485 2410//2485 1169//2485
f 1168//2486 1241//2486 2482//2486 2409//2486
